"filename", "language", "JSON", "XML", "Markdown", "Log", "ShaderLab", "C#", "Objective-C++", "C++", "Draw.io", "comment", "blank", "total"
"e:\Unity Projects\#TURRENTBASE\PROJETO  - Base Invaders\Assembly-CSharp-Editor.csproj", "XML", 0, 863, 0, 0, 0, 0, 0, 0, 0, 7, 1, 871
"e:\Unity Projects\#TURRENTBASE\PROJETO  - Base Invaders\Assembly-CSharp.csproj", "XML", 0, 1092, 0, 0, 0, 0, 0, 0, 0, 7, 1, 1100
"e:\Unity Projects\#TURRENTBASE\PROJETO  - Base Invaders\Assets\Editor\Database.cs", "C#", 0, 0, 0, 0, 0, 12, 0, 0, 0, 2, 5, 19
"e:\Unity Projects\#TURRENTBASE\PROJETO  - Base Invaders\Assets\Editor\DatabaseEditor.cs", "C#", 0, 0, 0, 0, 0, 12, 0, 0, 0, 2, 5, 19
"e:\Unity Projects\#TURRENTBASE\PROJETO  - Base Invaders\Assets\Editor\Desing archives\pack structure.drawio", "Draw.io", 0, 0, 0, 0, 0, 0, 0, 0, 486, 0, 0, 486
"e:\Unity Projects\#TURRENTBASE\PROJETO  - Base Invaders\Assets\Plugins\FMOD\addons\ResonanceAudio\Editor\FmodResonanceAudioRoomEditor.cs", "C#", 0, 0, 0, 0, 0, 89, 0, 0, 0, 18, 15, 122
"e:\Unity Projects\#TURRENTBASE\PROJETO  - Base Invaders\Assets\Plugins\FMOD\addons\ResonanceAudio\Scripts\FmodResonanceAudio.cs", "C#", 0, 0, 0, 0, 0, 197, 0, 0, 0, 62, 32, 291
"e:\Unity Projects\#TURRENTBASE\PROJETO  - Base Invaders\Assets\Plugins\FMOD\addons\ResonanceAudio\Scripts\FmodResonanceAudioRoom.cs", "C#", 0, 0, 0, 0, 0, 64, 0, 0, 0, 28, 17, 109
"e:\Unity Projects\#TURRENTBASE\PROJETO  - Base Invaders\Assets\Plugins\FMOD\platform_ios.mm", "Objective-C++", 0, 0, 0, 0, 0, 0, 55, 0, 0, 0, 7, 62
"e:\Unity Projects\#TURRENTBASE\PROJETO  - Base Invaders\Assets\Plugins\FMOD\platforms\android\src\PlatformAndroid.cs", "C#", 0, 0, 0, 0, 0, 90, 0, 0, 0, 3, 16, 109
"e:\Unity Projects\#TURRENTBASE\PROJETO  - Base Invaders\Assets\Plugins\FMOD\platforms\html5\src\PlatformWebGL.cs", "C#", 0, 0, 0, 0, 0, 66, 0, 0, 0, 0, 11, 77
"e:\Unity Projects\#TURRENTBASE\PROJETO  - Base Invaders\Assets\Plugins\FMOD\platforms\ios\src\PlatformIOS.cs", "C#", 0, 0, 0, 0, 0, 109, 0, 0, 0, 1, 20, 130
"e:\Unity Projects\#TURRENTBASE\PROJETO  - Base Invaders\Assets\Plugins\FMOD\platforms\linux\src\PlatformLinux.cs", "C#", 0, 0, 0, 0, 0, 97, 0, 0, 0, 0, 11, 108
"e:\Unity Projects\#TURRENTBASE\PROJETO  - Base Invaders\Assets\Plugins\FMOD\platforms\mac\src\PlatformMac.cs", "C#", 0, 0, 0, 0, 0, 69, 0, 0, 0, 0, 10, 79
"e:\Unity Projects\#TURRENTBASE\PROJETO  - Base Invaders\Assets\Plugins\FMOD\platforms\tvos\src\PlatformAppleTV.cs", "C#", 0, 0, 0, 0, 0, 79, 0, 0, 0, 0, 13, 92
"e:\Unity Projects\#TURRENTBASE\PROJETO  - Base Invaders\Assets\Plugins\FMOD\platforms\win\src\PlatformWindows.cs", "C#", 0, 0, 0, 0, 0, 120, 0, 0, 0, 0, 14, 134
"e:\Unity Projects\#TURRENTBASE\PROJETO  - Base Invaders\Assets\Plugins\FMOD\src\Editor\BankRefDrawer.cs", "C#", 0, 0, 0, 0, 0, 54, 0, 0, 0, 0, 13, 67
"e:\Unity Projects\#TURRENTBASE\PROJETO  - Base Invaders\Assets\Plugins\FMOD\src\Editor\BankRefreshWindow.cs", "C#", 0, 0, 0, 0, 0, 188, 0, 0, 0, 1, 49, 238
"e:\Unity Projects\#TURRENTBASE\PROJETO  - Base Invaders\Assets\Plugins\FMOD\src\Editor\BankRefresher.cs", "C#", 0, 0, 0, 0, 0, 143, 0, 0, 0, 0, 26, 169
"e:\Unity Projects\#TURRENTBASE\PROJETO  - Base Invaders\Assets\Plugins\FMOD\src\Editor\BoltIntegration.cs", "C#", 0, 0, 0, 0, 0, 116, 0, 0, 0, 0, 17, 133
"e:\Unity Projects\#TURRENTBASE\PROJETO  - Base Invaders\Assets\Plugins\FMOD\src\Editor\CreateEventPopup.cs", "C#", 0, 0, 0, 0, 0, 326, 0, 0, 0, 9, 56, 391
"e:\Unity Projects\#TURRENTBASE\PROJETO  - Base Invaders\Assets\Plugins\FMOD\src\Editor\EditorBankRef.cs", "C#", 0, 0, 0, 0, 0, 61, 0, 0, 0, 1, 13, 75
"e:\Unity Projects\#TURRENTBASE\PROJETO  - Base Invaders\Assets\Plugins\FMOD\src\Editor\EditorEventRef.cs", "C#", 0, 0, 0, 0, 0, 44, 0, 0, 0, 0, 6, 50
"e:\Unity Projects\#TURRENTBASE\PROJETO  - Base Invaders\Assets\Plugins\FMOD\src\Editor\EditorParamRef.cs", "C#", 0, 0, 0, 0, 0, 52, 0, 0, 0, 0, 7, 59
"e:\Unity Projects\#TURRENTBASE\PROJETO  - Base Invaders\Assets\Plugins\FMOD\src\Editor\EditorUtils.cs", "C#", 0, 0, 0, 0, 0, 1152, 0, 0, 0, 29, 139, 1320
"e:\Unity Projects\#TURRENTBASE\PROJETO  - Base Invaders\Assets\Plugins\FMOD\src\Editor\EventBrowser.cs", "C#", 0, 0, 0, 0, 0, 1389, 0, 0, 0, 9, 306, 1704
"e:\Unity Projects\#TURRENTBASE\PROJETO  - Base Invaders\Assets\Plugins\FMOD\src\Editor\EventCache.cs", "C#", 0, 0, 0, 0, 0, 38, 0, 0, 0, 0, 5, 43
"e:\Unity Projects\#TURRENTBASE\PROJETO  - Base Invaders\Assets\Plugins\FMOD\src\Editor\EventManager.cs", "C#", 0, 0, 0, 0, 0, 950, 0, 0, 0, 29, 184, 1163
"e:\Unity Projects\#TURRENTBASE\PROJETO  - Base Invaders\Assets\Plugins\FMOD\src\Editor\EventRefDrawer.cs", "C#", 0, 0, 0, 0, 0, 135, 0, 0, 0, 0, 22, 157
"e:\Unity Projects\#TURRENTBASE\PROJETO  - Base Invaders\Assets\Plugins\FMOD\src\Editor\FindAndReplace.cs", "C#", 0, 0, 0, 0, 0, 182, 0, 0, 0, 0, 18, 200
"e:\Unity Projects\#TURRENTBASE\PROJETO  - Base Invaders\Assets\Plugins\FMOD\src\Editor\ListView.cs", "C#", 0, 0, 0, 0, 0, 34, 0, 0, 0, 0, 12, 46
"e:\Unity Projects\#TURRENTBASE\PROJETO  - Base Invaders\Assets\Plugins\FMOD\src\Editor\LogViewer.cs", "C#", 0, 0, 0, 0, 0, 4, 0, 0, 0, 1, 1, 6
"e:\Unity Projects\#TURRENTBASE\PROJETO  - Base Invaders\Assets\Plugins\FMOD\src\Editor\ParamRefDrawer.cs", "C#", 0, 0, 0, 0, 0, 68, 0, 0, 0, 0, 13, 81
"e:\Unity Projects\#TURRENTBASE\PROJETO  - Base Invaders\Assets\Plugins\FMOD\src\Editor\SettingsEditor.cs", "C#", 0, 0, 0, 0, 0, 2144, 0, 0, 0, 23, 620, 2787
"e:\Unity Projects\#TURRENTBASE\PROJETO  - Base Invaders\Assets\Plugins\FMOD\src\Editor\SetupWizard.cs", "C#", 0, 0, 0, 0, 0, 785, 0, 0, 0, 13, 118, 916
"e:\Unity Projects\#TURRENTBASE\PROJETO  - Base Invaders\Assets\Plugins\FMOD\src\Editor\StudioBankLoaderEditor.cs", "C#", 0, 0, 0, 0, 0, 84, 0, 0, 0, 0, 17, 101
"e:\Unity Projects\#TURRENTBASE\PROJETO  - Base Invaders\Assets\Plugins\FMOD\src\Editor\StudioEventEmitterEditor.cs", "C#", 0, 0, 0, 0, 0, 371, 0, 0, 0, 27, 85, 483
"e:\Unity Projects\#TURRENTBASE\PROJETO  - Base Invaders\Assets\Plugins\FMOD\src\Editor\StudioEventEmitterGizmoDrawer.cs", "C#", 0, 0, 0, 0, 0, 13, 0, 0, 0, 0, 2, 15
"e:\Unity Projects\#TURRENTBASE\PROJETO  - Base Invaders\Assets\Plugins\FMOD\src\Editor\StudioGlobalParameterTriggerEditor.cs", "C#", 0, 0, 0, 0, 0, 50, 0, 0, 0, 0, 10, 60
"e:\Unity Projects\#TURRENTBASE\PROJETO  - Base Invaders\Assets\Plugins\FMOD\src\Editor\StudioListenerEditor.cs", "C#", 0, 0, 0, 0, 0, 24, 0, 0, 0, 0, 4, 28
"e:\Unity Projects\#TURRENTBASE\PROJETO  - Base Invaders\Assets\Plugins\FMOD\src\Editor\StudioParameterTriggerEditor.cs", "C#", 0, 0, 0, 0, 0, 140, 0, 0, 0, 1, 13, 154
"e:\Unity Projects\#TURRENTBASE\PROJETO  - Base Invaders\Assets\Plugins\FMOD\src\Editor\Timeline\FMODEventPlayableEditor.cs", "C#", 0, 0, 0, 0, 0, 417, 0, 0, 0, 1, 118, 536
"e:\Unity Projects\#TURRENTBASE\PROJETO  - Base Invaders\Assets\Plugins\FMOD\src\Editor\Timeline\FMODEventTrackEditor.cs", "C#", 0, 0, 0, 0, 0, 29, 0, 0, 0, 2, 8, 39
"e:\Unity Projects\#TURRENTBASE\PROJETO  - Base Invaders\Assets\Plugins\FMOD\src\Runtime\AutomatableSlots.cs", "C#", 0, 0, 0, 0, 0, 65, 0, 0, 0, 0, 4, 69
"e:\Unity Projects\#TURRENTBASE\PROJETO  - Base Invaders\Assets\Plugins\FMOD\src\Runtime\BankRefAttribute.cs", "C#", 0, 0, 0, 0, 0, 7, 0, 0, 0, 0, 2, 9
"e:\Unity Projects\#TURRENTBASE\PROJETO  - Base Invaders\Assets\Plugins\FMOD\src\Runtime\CodeGeneration.cs", "C#", 0, 0, 0, 0, 0, 101, 0, 0, 0, 2, 21, 124
"e:\Unity Projects\#TURRENTBASE\PROJETO  - Base Invaders\Assets\Plugins\FMOD\src\Runtime\EventHandler.cs", "C#", 0, 0, 0, 0, 0, 81, 0, 0, 0, 0, 16, 97
"e:\Unity Projects\#TURRENTBASE\PROJETO  - Base Invaders\Assets\Plugins\FMOD\src\Runtime\EventRefAttribute.cs", "C#", 0, 0, 0, 0, 0, 7, 0, 0, 0, 0, 2, 9
"e:\Unity Projects\#TURRENTBASE\PROJETO  - Base Invaders\Assets\Plugins\FMOD\src\Runtime\FMODRuntimeManagerOnGUIHelper.cs", "C#", 0, 0, 0, 0, 0, 17, 0, 0, 0, 0, 2, 19
"e:\Unity Projects\#TURRENTBASE\PROJETO  - Base Invaders\Assets\Plugins\FMOD\src\Runtime\ParamRef.cs", "C#", 0, 0, 0, 0, 0, 11, 0, 0, 0, 0, 2, 13
"e:\Unity Projects\#TURRENTBASE\PROJETO  - Base Invaders\Assets\Plugins\FMOD\src\Runtime\ParamRefAttribute.cs", "C#", 0, 0, 0, 0, 0, 7, 0, 0, 0, 0, 2, 9
"e:\Unity Projects\#TURRENTBASE\PROJETO  - Base Invaders\Assets\Plugins\FMOD\src\Runtime\Platform.cs", "C#", 0, 0, 0, 0, 0, 535, 0, 0, 0, 78, 113, 726
"e:\Unity Projects\#TURRENTBASE\PROJETO  - Base Invaders\Assets\Plugins\FMOD\src\Runtime\PlatformDefault.cs", "C#", 0, 0, 0, 0, 0, 43, 0, 0, 0, 1, 11, 55
"e:\Unity Projects\#TURRENTBASE\PROJETO  - Base Invaders\Assets\Plugins\FMOD\src\Runtime\PlatformGroup.cs", "C#", 0, 0, 0, 0, 0, 34, 0, 0, 0, 0, 8, 42
"e:\Unity Projects\#TURRENTBASE\PROJETO  - Base Invaders\Assets\Plugins\FMOD\src\Runtime\PlatformMobileHigh.cs", "C#", 0, 0, 0, 0, 0, 86, 0, 0, 0, 1, 6, 93
"e:\Unity Projects\#TURRENTBASE\PROJETO  - Base Invaders\Assets\Plugins\FMOD\src\Runtime\PlatformMobileLow.cs", "C#", 0, 0, 0, 0, 0, 69, 0, 0, 0, 0, 10, 79
"e:\Unity Projects\#TURRENTBASE\PROJETO  - Base Invaders\Assets\Plugins\FMOD\src\Runtime\PlatformPlayInEditor.cs", "C#", 0, 0, 0, 0, 0, 89, 0, 0, 0, 2, 14, 105
"e:\Unity Projects\#TURRENTBASE\PROJETO  - Base Invaders\Assets\Plugins\FMOD\src\Runtime\RuntimeManager.cs", "C#", 0, 0, 0, 0, 0, 1201, 0, 0, 0, 28, 174, 1403
"e:\Unity Projects\#TURRENTBASE\PROJETO  - Base Invaders\Assets\Plugins\FMOD\src\Runtime\RuntimeUtils.cs", "C#", 0, 0, 0, 0, 0, 328, 0, 0, 0, 3, 50, 381
"e:\Unity Projects\#TURRENTBASE\PROJETO  - Base Invaders\Assets\Plugins\FMOD\src\Runtime\Settings.cs", "C#", 0, 0, 0, 0, 0, 1228, 0, 0, 0, 75, 250, 1553
"e:\Unity Projects\#TURRENTBASE\PROJETO  - Base Invaders\Assets\Plugins\FMOD\src\Runtime\StudioBankLoader.cs", "C#", 0, 0, 0, 0, 0, 105, 0, 0, 0, 0, 13, 118
"e:\Unity Projects\#TURRENTBASE\PROJETO  - Base Invaders\Assets\Plugins\FMOD\src\Runtime\StudioEventEmitter.cs", "C#", 0, 0, 0, 0, 0, 282, 0, 0, 0, 2, 50, 334
"e:\Unity Projects\#TURRENTBASE\PROJETO  - Base Invaders\Assets\Plugins\FMOD\src\Runtime\StudioGlobalParameterTrigger.cs", "C#", 0, 0, 0, 0, 0, 45, 0, 0, 0, 0, 6, 51
"e:\Unity Projects\#TURRENTBASE\PROJETO  - Base Invaders\Assets\Plugins\FMOD\src\Runtime\StudioListener.cs", "C#", 0, 0, 0, 0, 0, 58, 0, 0, 0, 0, 7, 65
"e:\Unity Projects\#TURRENTBASE\PROJETO  - Base Invaders\Assets\Plugins\FMOD\src\Runtime\StudioParameterTrigger.cs", "C#", 0, 0, 0, 0, 0, 58, 0, 0, 0, 0, 4, 62
"e:\Unity Projects\#TURRENTBASE\PROJETO  - Base Invaders\Assets\Plugins\FMOD\src\Runtime\Timeline\FMODEventPlayable.cs", "C#", 0, 0, 0, 0, 0, 224, 0, 0, 0, 1, 38, 263
"e:\Unity Projects\#TURRENTBASE\PROJETO  - Base Invaders\Assets\Plugins\FMOD\src\Runtime\Timeline\FMODEventTrack.cs", "C#", 0, 0, 0, 0, 0, 65, 0, 0, 0, 6, 12, 83
"e:\Unity Projects\#TURRENTBASE\PROJETO  - Base Invaders\Assets\Plugins\FMOD\src\Runtime\fmodplugins.cpp", "C++", 0, 0, 0, 0, 0, 0, 0, 14, 0, 36, 9, 59
"e:\Unity Projects\#TURRENTBASE\PROJETO  - Base Invaders\Assets\Plugins\FMOD\src\Runtime\wrapper\fmod.cs", "C#", 0, 0, 0, 0, 0, 3565, 0, 0, 0, 137, 249, 3951
"e:\Unity Projects\#TURRENTBASE\PROJETO  - Base Invaders\Assets\Plugins\FMOD\src\Runtime\wrapper\fmod_dsp.cs", "C#", 0, 0, 0, 0, 0, 770, 0, 0, 0, 25, 91, 886
"e:\Unity Projects\#TURRENTBASE\PROJETO  - Base Invaders\Assets\Plugins\FMOD\src\Runtime\wrapper\fmod_errors.cs", "C#", 0, 0, 0, 0, 0, 95, 0, 0, 0, 10, 2, 107
"e:\Unity Projects\#TURRENTBASE\PROJETO  - Base Invaders\Assets\Plugins\FMOD\src\Runtime\wrapper\fmod_studio.cs", "C#", 0, 0, 0, 0, 0, 1897, 0, 0, 0, 16, 147, 2060
"e:\Unity Projects\#TURRENTBASE\PROJETO  - Base Invaders\Assets\Resources\Other\English Dictionary.json", "JSON", 80, 0, 0, 0, 0, 0, 0, 0, 0, 0, 0, 80
"e:\Unity Projects\#TURRENTBASE\PROJETO  - Base Invaders\Assets\Scripts\Artifacts\Algorithm.cs", "C#", 0, 0, 0, 0, 0, 25, 0, 0, 0, 0, 6, 31
"e:\Unity Projects\#TURRENTBASE\PROJETO  - Base Invaders\Assets\Scripts\Artifacts\Artifact.cs", "C#", 0, 0, 0, 0, 0, 76, 0, 0, 0, 0, 9, 85
"e:\Unity Projects\#TURRENTBASE\PROJETO  - Base Invaders\Assets\Scripts\Artifacts\Battery.cs", "C#", 0, 0, 0, 0, 0, 17, 0, 0, 0, 0, 8, 25
"e:\Unity Projects\#TURRENTBASE\PROJETO  - Base Invaders\Assets\Scripts\Artifacts\Chip.cs", "C#", 0, 0, 0, 0, 0, 18, 0, 0, 0, 0, 4, 22
"e:\Unity Projects\#TURRENTBASE\PROJETO  - Base Invaders\Assets\Scripts\Artifacts\Criptocoin.cs", "C#", 0, 0, 0, 0, 0, 15, 0, 0, 0, 0, 4, 19
"e:\Unity Projects\#TURRENTBASE\PROJETO  - Base Invaders\Assets\Scripts\Artifacts\Cross.cs", "C#", 0, 0, 0, 0, 0, 15, 0, 0, 0, 0, 4, 19
"e:\Unity Projects\#TURRENTBASE\PROJETO  - Base Invaders\Assets\Scripts\Artifacts\ForgeCore.cs", "C#", 0, 0, 0, 0, 0, 12, 0, 0, 0, 2, 5, 19
"e:\Unity Projects\#TURRENTBASE\PROJETO  - Base Invaders\Assets\Scripts\Artifacts\InterceptorCore.cs", "C#", 0, 0, 0, 0, 0, 12, 0, 0, 0, 2, 5, 19
"e:\Unity Projects\#TURRENTBASE\PROJETO  - Base Invaders\Assets\Scripts\Artifacts\Recycler.cs", "C#", 0, 0, 0, 0, 0, 15, 0, 0, 0, 0, 3, 18
"e:\Unity Projects\#TURRENTBASE\PROJETO  - Base Invaders\Assets\Scripts\Artifacts\Repairing.cs", "C#", 0, 0, 0, 0, 0, 26, 0, 0, 0, 0, 7, 33
"e:\Unity Projects\#TURRENTBASE\PROJETO  - Base Invaders\Assets\Scripts\Artifacts\Thruster.cs", "C#", 0, 0, 0, 0, 0, 15, 0, 0, 0, 0, 4, 19
"e:\Unity Projects\#TURRENTBASE\PROJETO  - Base Invaders\Assets\Scripts\Background\DinamicBackgroundElement.cs", "C#", 0, 0, 0, 0, 0, 141, 0, 0, 0, 0, 24, 165
"e:\Unity Projects\#TURRENTBASE\PROJETO  - Base Invaders\Assets\Scripts\Background\NebulaOneDBE.cs", "C#", 0, 0, 0, 0, 0, 6, 0, 0, 0, 0, 3, 9
"e:\Unity Projects\#TURRENTBASE\PROJETO  - Base Invaders\Assets\Scripts\Background\PlanetSpawner.cs", "C#", 0, 0, 0, 0, 0, 62, 0, 0, 0, 0, 11, 73
"e:\Unity Projects\#TURRENTBASE\PROJETO  - Base Invaders\Assets\Scripts\Bosses\#NEW\BossAction.cs", "C#", 0, 0, 0, 0, 0, 42, 0, 0, 0, 0, 10, 52
"e:\Unity Projects\#TURRENTBASE\PROJETO  - Base Invaders\Assets\Scripts\Bosses\#NEW\BossIdle.cs", "C#", 0, 0, 0, 0, 0, 21, 0, 0, 0, 0, 5, 26
"e:\Unity Projects\#TURRENTBASE\PROJETO  - Base Invaders\Assets\Scripts\Bosses\BossAttackController.cs", "C#", 0, 0, 0, 0, 0, 22, 0, 0, 0, 0, 4, 26
"e:\Unity Projects\#TURRENTBASE\PROJETO  - Base Invaders\Assets\Scripts\Bosses\BossController.cs", "C#", 0, 0, 0, 0, 0, 194, 0, 0, 0, 8, 50, 252
"e:\Unity Projects\#TURRENTBASE\PROJETO  - Base Invaders\Assets\Scripts\Bosses\BossHealthController.cs", "C#", 0, 0, 0, 0, 0, 82, 0, 0, 0, 0, 24, 106
"e:\Unity Projects\#TURRENTBASE\PROJETO  - Base Invaders\Assets\Scripts\Bosses\BossState.cs", "C#", 0, 0, 0, 0, 0, 30, 0, 0, 0, 0, 7, 37
"e:\Unity Projects\#TURRENTBASE\PROJETO  - Base Invaders\Assets\Scripts\Bosses\BossVFXManager.cs", "C#", 0, 0, 0, 0, 0, 11, 0, 0, 0, 0, 4, 15
"e:\Unity Projects\#TURRENTBASE\PROJETO  - Base Invaders\Assets\Scripts\Bosses\Forge\ForgeController.cs", "C#", 0, 0, 0, 0, 0, 27, 0, 0, 0, 18, 7, 52
"e:\Unity Projects\#TURRENTBASE\PROJETO  - Base Invaders\Assets\Scripts\Bosses\Forge\ForgeEnemyManager.cs", "C#", 0, 0, 0, 0, 0, 125, 0, 0, 0, 0, 20, 145
"e:\Unity Projects\#TURRENTBASE\PROJETO  - Base Invaders\Assets\Scripts\Bosses\Forge\States\Forge_DeployState.cs", "C#", 0, 0, 0, 0, 0, 15, 0, 0, 0, 0, 4, 19
"e:\Unity Projects\#TURRENTBASE\PROJETO  - Base Invaders\Assets\Scripts\Bosses\Forge\States\Forge_OrbitState.cs", "C#", 0, 0, 0, 0, 0, 22, 0, 0, 0, 1, 6, 29
"e:\Unity Projects\#TURRENTBASE\PROJETO  - Base Invaders\Assets\Scripts\Bosses\Interceptor\Actions\ArtilleryAction.cs", "C#", 0, 0, 0, 0, 0, 26, 0, 0, 0, 2, 9, 37
"e:\Unity Projects\#TURRENTBASE\PROJETO  - Base Invaders\Assets\Scripts\Bosses\Interceptor\Actions\ChargeAction.cs", "C#", 0, 0, 0, 0, 0, 54, 0, 0, 0, 1, 15, 70
"e:\Unity Projects\#TURRENTBASE\PROJETO  - Base Invaders\Assets\Scripts\Bosses\Interceptor\Actions\InterceptorIdle.cs", "C#", 0, 0, 0, 0, 0, 83, 0, 0, 0, 2, 20, 105
"e:\Unity Projects\#TURRENTBASE\PROJETO  - Base Invaders\Assets\Scripts\Bosses\Interceptor\Actions\MachinegunAction.cs", "C#", 0, 0, 0, 0, 0, 30, 0, 0, 0, 2, 8, 40
"e:\Unity Projects\#TURRENTBASE\PROJETO  - Base Invaders\Assets\Scripts\Bosses\Interceptor\Actions\ShieldAction.cs", "C#", 0, 0, 0, 0, 0, 35, 0, 0, 0, 0, 11, 46
"e:\Unity Projects\#TURRENTBASE\PROJETO  - Base Invaders\Assets\Scripts\Bosses\Interceptor\Effects\InterceptorArtillery.cs", "C#", 0, 0, 0, 0, 0, 19, 0, 0, 0, 0, 6, 25
"e:\Unity Projects\#TURRENTBASE\PROJETO  - Base Invaders\Assets\Scripts\Bosses\Interceptor\Effects\InterceptorMachineGun.cs", "C#", 0, 0, 0, 0, 0, 29, 0, 0, 0, 0, 9, 38
"e:\Unity Projects\#TURRENTBASE\PROJETO  - Base Invaders\Assets\Scripts\Bosses\Interceptor\Effects\InterceptorSpreader.cs", "C#", 0, 0, 0, 0, 0, 19, 0, 0, 0, 0, 6, 25
"e:\Unity Projects\#TURRENTBASE\PROJETO  - Base Invaders\Assets\Scripts\Bosses\Interceptor\InterceptorController.cs", "C#", 0, 0, 0, 0, 0, 27, 0, 0, 0, 0, 6, 33
"e:\Unity Projects\#TURRENTBASE\PROJETO  - Base Invaders\Assets\Scripts\Bosses\Interceptor\States\Interceptor_AttackState.cs", "C#", 0, 0, 0, 0, 0, 24, 0, 0, 0, 1, 7, 32
"e:\Unity Projects\#TURRENTBASE\PROJETO  - Base Invaders\Assets\Scripts\Bosses\Interceptor\States\Interceptor_Disengage.cs", "C#", 0, 0, 0, 0, 0, 21, 0, 0, 0, 0, 7, 28
"e:\Unity Projects\#TURRENTBASE\PROJETO  - Base Invaders\Assets\Scripts\Bosses\Interceptor\States\Interceptor_MoveState.cs", "C#", 0, 0, 0, 0, 0, 21, 0, 0, 0, 1, 7, 29
"e:\Unity Projects\#TURRENTBASE\PROJETO  - Base Invaders\Assets\Scripts\Bosses\Interceptor\States\Interceptor_SpecialState.cs", "C#", 0, 0, 0, 0, 0, 35, 0, 0, 0, 2, 10, 47
"e:\Unity Projects\#TURRENTBASE\PROJETO  - Base Invaders\Assets\Scripts\Enemies\EnemyActionEffect\DroneActionEffect.cs", "C#", 0, 0, 0, 0, 0, 34, 0, 0, 0, 0, 7, 41
"e:\Unity Projects\#TURRENTBASE\PROJETO  - Base Invaders\Assets\Scripts\Enemies\EnemyActionEffect\EnemyActionEffect.cs", "C#", 0, 0, 0, 0, 0, 20, 0, 0, 0, 0, 6, 26
"e:\Unity Projects\#TURRENTBASE\PROJETO  - Base Invaders\Assets\Scripts\Enemies\EnemyActionEffect\TrailerActionEffect.cs", "C#", 0, 0, 0, 0, 0, 30, 0, 0, 0, 0, 8, 38
"e:\Unity Projects\#TURRENTBASE\PROJETO  - Base Invaders\Assets\Scripts\Enemies\EnemyAttackController.cs", "C#", 0, 0, 0, 0, 0, 48, 0, 0, 0, 5, 11, 64
"e:\Unity Projects\#TURRENTBASE\PROJETO  - Base Invaders\Assets\Scripts\Enemies\EnemyHealthController.cs", "C#", 0, 0, 0, 0, 0, 85, 0, 0, 0, 0, 18, 103
"e:\Unity Projects\#TURRENTBASE\PROJETO  - Base Invaders\Assets\Scripts\Enemies\EnemyManager.cs", "C#", 0, 0, 0, 0, 0, 48, 0, 0, 0, 0, 10, 58
"e:\Unity Projects\#TURRENTBASE\PROJETO  - Base Invaders\Assets\Scripts\Enemies\EnemyMovementController.cs", "C#", 0, 0, 0, 0, 0, 49, 0, 0, 0, 2, 18, 69
"e:\Unity Projects\#TURRENTBASE\PROJETO  - Base Invaders\Assets\Scripts\Enemies\EnemyRotationController.cs", "C#", 0, 0, 0, 0, 0, 45, 0, 0, 0, 0, 13, 58
"e:\Unity Projects\#TURRENTBASE\PROJETO  - Base Invaders\Assets\Scripts\Enemies\EnemySelfDestruction.cs", "C#", 0, 0, 0, 0, 0, 18, 0, 0, 0, 1, 4, 23
"e:\Unity Projects\#TURRENTBASE\PROJETO  - Base Invaders\Assets\Scripts\Enemies\EnemyStatusManager.cs", "C#", 0, 0, 0, 0, 0, 36, 0, 0, 0, 0, 9, 45
"e:\Unity Projects\#TURRENTBASE\PROJETO  - Base Invaders\Assets\Scripts\Enemies\EnemyVFXManager.cs", "C#", 0, 0, 0, 0, 0, 39, 0, 0, 0, 2, 17, 58
"e:\Unity Projects\#TURRENTBASE\PROJETO  - Base Invaders\Assets\Scripts\Enemies\EnemyWiggler.cs", "C#", 0, 0, 0, 0, 0, 81, 0, 0, 0, 15, 15, 111
"e:\Unity Projects\#TURRENTBASE\PROJETO  - Base Invaders\Assets\Scripts\Enemies\New\RogueController.cs", "C#", 0, 0, 0, 0, 0, 60, 0, 0, 0, 0, 19, 79
"e:\Unity Projects\#TURRENTBASE\PROJETO  - Base Invaders\Assets\Scripts\Formation\AttackPattern\RandomAttack.cs", "C#", 0, 0, 0, 0, 0, 26, 0, 0, 0, 1, 9, 36
"e:\Unity Projects\#TURRENTBASE\PROJETO  - Base Invaders\Assets\Scripts\Formation\FormationAttackController.cs", "C#", 0, 0, 0, 0, 0, 47, 0, 0, 0, 0, 11, 58
"e:\Unity Projects\#TURRENTBASE\PROJETO  - Base Invaders\Assets\Scripts\Formation\FormationConstructor.cs", "C#", 0, 0, 0, 0, 0, 7, 0, 0, 0, 0, 2, 9
"e:\Unity Projects\#TURRENTBASE\PROJETO  - Base Invaders\Assets\Scripts\Formation\FormationManager.cs", "C#", 0, 0, 0, 0, 0, 35, 0, 0, 0, 0, 6, 41
"e:\Unity Projects\#TURRENTBASE\PROJETO  - Base Invaders\Assets\Scripts\Formation\FormationSlotsData.cs", "C#", 0, 0, 0, 0, 0, 15, 0, 0, 0, 0, 3, 18
"e:\Unity Projects\#TURRENTBASE\PROJETO  - Base Invaders\Assets\Scripts\Formation\MovementPattern\ChargerPattern.cs", "C#", 0, 0, 0, 0, 0, 28, 0, 0, 0, 0, 12, 40
"e:\Unity Projects\#TURRENTBASE\PROJETO  - Base Invaders\Assets\Scripts\Formation\MovementPattern\DisengagePattern.cs", "C#", 0, 0, 0, 0, 0, 27, 0, 0, 0, 0, 15, 42
"e:\Unity Projects\#TURRENTBASE\PROJETO  - Base Invaders\Assets\Scripts\Formation\MovementPattern\IdlePattern.cs", "C#", 0, 0, 0, 0, 0, 34, 0, 0, 0, 0, 16, 50
"e:\Unity Projects\#TURRENTBASE\PROJETO  - Base Invaders\Assets\Scripts\Formation\MovementPattern\OrbitPattern.cs", "C#", 0, 0, 0, 0, 0, 35, 0, 0, 0, 0, 12, 47
"e:\Unity Projects\#TURRENTBASE\PROJETO  - Base Invaders\Assets\Scripts\Formation\MovementPattern\SeekerPattern.cs", "C#", 0, 0, 0, 0, 0, 27, 0, 0, 0, 0, 10, 37
"e:\Unity Projects\#TURRENTBASE\PROJETO  - Base Invaders\Assets\Scripts\Formation\NEW\StateMachine\Controllers\SpearHead.cs", "C#", 0, 0, 0, 0, 0, 54, 0, 0, 0, 0, 14, 68
"e:\Unity Projects\#TURRENTBASE\PROJETO  - Base Invaders\Assets\Scripts\Formation\NEW\StateMachine\Controllers\TrailBlazer.cs", "C#", 0, 0, 0, 0, 0, 16, 0, 0, 0, 0, 7, 23
"e:\Unity Projects\#TURRENTBASE\PROJETO  - Base Invaders\Assets\Scripts\Formation\NEW\StateMachine\FSM_Controller.cs", "C#", 0, 0, 0, 0, 0, 31, 0, 0, 0, 0, 7, 38
"e:\Unity Projects\#TURRENTBASE\PROJETO  - Base Invaders\Assets\Scripts\Formation\NEW\StateMachine\FormationState.cs", "C#", 0, 0, 0, 0, 0, 75, 0, 0, 0, 0, 21, 96
"e:\Unity Projects\#TURRENTBASE\PROJETO  - Base Invaders\Assets\Scripts\Formation\NEW\StateMachine\States\DeployRogueState.cs", "C#", 0, 0, 0, 0, 0, 24, 0, 0, 0, 0, 4, 28
"e:\Unity Projects\#TURRENTBASE\PROJETO  - Base Invaders\Assets\Scripts\Formation\NEW\StateMachine\States\FleeState.cs", "C#", 0, 0, 0, 0, 0, 75, 0, 0, 0, 4, 26, 105
"e:\Unity Projects\#TURRENTBASE\PROJETO  - Base Invaders\Assets\Scripts\Formation\NEW\StateMachine\States\IdleState.cs", "C#", 0, 0, 0, 0, 0, 56, 0, 0, 0, 0, 12, 68
"e:\Unity Projects\#TURRENTBASE\PROJETO  - Base Invaders\Assets\Scripts\Formation\NEW\StateMachine\States\RoamerState.cs", "C#", 0, 0, 0, 0, 0, 65, 0, 0, 0, 0, 15, 80
"e:\Unity Projects\#TURRENTBASE\PROJETO  - Base Invaders\Assets\Scripts\Formation\NEW\StateMachine\States\SeekerState.cs", "C#", 0, 0, 0, 0, 0, 34, 0, 0, 0, 2, 13, 49
"e:\Unity Projects\#TURRENTBASE\PROJETO  - Base Invaders\Assets\Scripts\Formation\NEW\StateMachine\Transition.cs", "C#", 0, 0, 0, 0, 0, 19, 0, 0, 0, 0, 6, 25
"e:\Unity Projects\#TURRENTBASE\PROJETO  - Base Invaders\Assets\Scripts\Formation\NEW\StateMachine\Transitions\DistanceTransition.cs", "C#", 0, 0, 0, 0, 0, 23, 0, 0, 0, 0, 7, 30
"e:\Unity Projects\#TURRENTBASE\PROJETO  - Base Invaders\Assets\Scripts\Formation\NEW\StateMachine\Transitions\PopTransition.cs", "C#", 0, 0, 0, 0, 0, 15, 0, 0, 0, 0, 3, 18
"e:\Unity Projects\#TURRENTBASE\PROJETO  - Base Invaders\Assets\Scripts\Formation\NEW\StateMachine\Transitions\StepTransition.cs", "C#", 0, 0, 0, 0, 0, 18, 0, 0, 0, 1, 4, 23
"e:\Unity Projects\#TURRENTBASE\PROJETO  - Base Invaders\Assets\Scripts\Formation\NEW\V2\Controller\BarrageController.cs", "C#", 0, 0, 0, 0, 0, 10, 0, 0, 0, 1, 2, 13
"e:\Unity Projects\#TURRENTBASE\PROJETO  - Base Invaders\Assets\Scripts\Formation\NEW\V2\Controller\CaterpillarController.cs", "C#", 0, 0, 0, 0, 0, 34, 0, 0, 0, 4, 7, 45
"e:\Unity Projects\#TURRENTBASE\PROJETO  - Base Invaders\Assets\Scripts\Formation\NEW\V2\Controller\SpearheadController.cs", "C#", 0, 0, 0, 0, 0, 35, 0, 0, 0, 0, 4, 39
"e:\Unity Projects\#TURRENTBASE\PROJETO  - Base Invaders\Assets\Scripts\Formation\NEW\V2\Controller\TrailBlazerController.cs", "C#", 0, 0, 0, 0, 0, 45, 0, 0, 0, 1, 6, 52
"e:\Unity Projects\#TURRENTBASE\PROJETO  - Base Invaders\Assets\Scripts\Formation\NEW\V2\FormationMovement.cs", "C#", 0, 0, 0, 0, 0, 64, 0, 0, 0, 0, 11, 75
"e:\Unity Projects\#TURRENTBASE\PROJETO  - Base Invaders\Assets\Scripts\Formation\NEW\V2\FormationMovementController.cs", "C#", 0, 0, 0, 0, 0, 66, 0, 0, 0, 0, 12, 78
"e:\Unity Projects\#TURRENTBASE\PROJETO  - Base Invaders\Assets\Scripts\Formation\NEW\V2\Movements\ConeMovement.cs", "C#", 0, 0, 0, 0, 0, 26, 0, 0, 0, 0, 6, 32
"e:\Unity Projects\#TURRENTBASE\PROJETO  - Base Invaders\Assets\Scripts\Formation\NEW\V2\Movements\FixedMovement.cs", "C#", 0, 0, 0, 0, 0, 16, 0, 0, 0, 0, 3, 19
"e:\Unity Projects\#TURRENTBASE\PROJETO  - Base Invaders\Assets\Scripts\Formation\NEW\V2\Movements\FleeMovement.cs", "C#", 0, 0, 0, 0, 0, 19, 0, 0, 0, 0, 6, 25
"e:\Unity Projects\#TURRENTBASE\PROJETO  - Base Invaders\Assets\Scripts\Formation\NEW\V2\Movements\HuntMovement.cs", "C#", 0, 0, 0, 0, 0, 16, 0, 0, 0, 0, 5, 21
"e:\Unity Projects\#TURRENTBASE\PROJETO  - Base Invaders\Assets\Scripts\Formation\NEW\V2\Movements\OrbitMovement.cs", "C#", 0, 0, 0, 0, 0, 27, 0, 0, 0, 0, 8, 35
"e:\Unity Projects\#TURRENTBASE\PROJETO  - Base Invaders\Assets\Scripts\Formation\NEW\V2\Movements\SplitMovement.cs", "C#", 0, 0, 0, 0, 0, 34, 0, 0, 0, 25, 13, 72
"e:\Unity Projects\#TURRENTBASE\PROJETO  - Base Invaders\Assets\Scripts\Formation\NEW\V2\Movements\TrueOrbitMovement.cs", "C#", 0, 0, 0, 0, 0, 22, 0, 0, 0, 2, 9, 33
"e:\Unity Projects\#TURRENTBASE\PROJETO  - Base Invaders\Assets\Scripts\Formation\PopulationManager.cs", "C#", 0, 0, 0, 0, 0, 46, 0, 0, 0, 0, 11, 57
"e:\Unity Projects\#TURRENTBASE\PROJETO  - Base Invaders\Assets\Scripts\Formation\WiggleController.cs", "C#", 0, 0, 0, 0, 0, 45, 0, 0, 0, 0, 8, 53
"e:\Unity Projects\#TURRENTBASE\PROJETO  - Base Invaders\Assets\Scripts\GUI\Animations\CameraZoomAnimation.cs", "C#", 0, 0, 0, 0, 0, 49, 0, 0, 0, 0, 14, 63
"e:\Unity Projects\#TURRENTBASE\PROJETO  - Base Invaders\Assets\Scripts\GUI\Animations\CashTextAnimation.cs", "C#", 0, 0, 0, 0, 0, 76, 0, 0, 0, 0, 44, 120
"e:\Unity Projects\#TURRENTBASE\PROJETO  - Base Invaders\Assets\Scripts\GUI\Animations\ExpandAnimation.cs", "C#", 0, 0, 0, 0, 0, 41, 0, 0, 0, 0, 14, 55
"e:\Unity Projects\#TURRENTBASE\PROJETO  - Base Invaders\Assets\Scripts\GUI\Animations\FXAnimation.cs", "C#", 0, 0, 0, 0, 0, 26, 0, 0, 0, 0, 8, 34
"e:\Unity Projects\#TURRENTBASE\PROJETO  - Base Invaders\Assets\Scripts\GUI\Animations\FadeAnimation.cs", "C#", 0, 0, 0, 0, 0, 50, 0, 0, 0, 0, 16, 66
"e:\Unity Projects\#TURRENTBASE\PROJETO  - Base Invaders\Assets\Scripts\GUI\Animations\PopFadeTextAnimation.cs", "C#", 0, 0, 0, 0, 0, 48, 0, 0, 0, 0, 15, 63
"e:\Unity Projects\#TURRENTBASE\PROJETO  - Base Invaders\Assets\Scripts\GUI\Animations\ShaderAnimation.cs", "C#", 0, 0, 0, 0, 0, 46, 0, 0, 0, 0, 18, 64
"e:\Unity Projects\#TURRENTBASE\PROJETO  - Base Invaders\Assets\Scripts\GUI\Animations\SlideAnimation.cs", "C#", 0, 0, 0, 0, 0, 43, 0, 0, 0, 0, 16, 59
"e:\Unity Projects\#TURRENTBASE\PROJETO  - Base Invaders\Assets\Scripts\GUI\Animations\StandartAnimation.cs", "C#", 0, 0, 0, 0, 0, 28, 0, 0, 0, 0, 12, 40
"e:\Unity Projects\#TURRENTBASE\PROJETO  - Base Invaders\Assets\Scripts\GUI\Animations\UIAnimationManager.cs", "C#", 0, 0, 0, 0, 0, 80, 0, 0, 0, 1, 27, 108
"e:\Unity Projects\#TURRENTBASE\PROJETO  - Base Invaders\Assets\Scripts\GUI\Animations\UIAnimations.cs", "C#", 0, 0, 0, 0, 0, 41, 0, 0, 0, 0, 10, 51
"e:\Unity Projects\#TURRENTBASE\PROJETO  - Base Invaders\Assets\Scripts\GUI\ArtifactBox.cs", "C#", 0, 0, 0, 0, 0, 35, 0, 0, 0, 0, 7, 42
"e:\Unity Projects\#TURRENTBASE\PROJETO  - Base Invaders\Assets\Scripts\GUI\ArtifactsPanel.cs", "C#", 0, 0, 0, 0, 0, 22, 0, 0, 0, 0, 4, 26
"e:\Unity Projects\#TURRENTBASE\PROJETO  - Base Invaders\Assets\Scripts\GUI\BossHealthBar.cs", "C#", 0, 0, 0, 0, 0, 61, 0, 0, 0, 0, 13, 74
"e:\Unity Projects\#TURRENTBASE\PROJETO  - Base Invaders\Assets\Scripts\GUI\Game Over\GameOverManager.cs", "C#", 0, 0, 0, 0, 0, 22, 0, 0, 0, 0, 4, 26
"e:\Unity Projects\#TURRENTBASE\PROJETO  - Base Invaders\Assets\Scripts\GUI\OptionButton.cs", "C#", 0, 0, 0, 0, 0, 35, 0, 0, 0, 0, 7, 42
"e:\Unity Projects\#TURRENTBASE\PROJETO  - Base Invaders\Assets\Scripts\GUI\Reward Panel\ArrowButton.cs", "C#", 0, 0, 0, 0, 0, 34, 0, 0, 0, 0, 9, 43
"e:\Unity Projects\#TURRENTBASE\PROJETO  - Base Invaders\Assets\Scripts\GUI\Reward Panel\ExitButton.cs", "C#", 0, 0, 0, 0, 0, 72, 0, 0, 0, 1, 17, 90
"e:\Unity Projects\#TURRENTBASE\PROJETO  - Base Invaders\Assets\Scripts\GUI\Reward Panel\InfoBox.cs", "C#", 0, 0, 0, 0, 0, 29, 0, 0, 0, 0, 7, 36
"e:\Unity Projects\#TURRENTBASE\PROJETO  - Base Invaders\Assets\Scripts\GUI\Reward Panel\LevelUpButton.cs", "C#", 0, 0, 0, 0, 0, 112, 0, 0, 0, 2, 17, 131
"e:\Unity Projects\#TURRENTBASE\PROJETO  - Base Invaders\Assets\Scripts\GUI\Reward Panel\LockButton.cs", "C#", 0, 0, 0, 0, 0, 52, 0, 0, 0, 0, 9, 61
"e:\Unity Projects\#TURRENTBASE\PROJETO  - Base Invaders\Assets\Scripts\GUI\Reward Panel\ProgressionMeter.cs", "C#", 0, 0, 0, 0, 0, 54, 0, 0, 0, 0, 10, 64
"e:\Unity Projects\#TURRENTBASE\PROJETO  - Base Invaders\Assets\Scripts\GUI\Reward Panel\RerrollButton.cs", "C#", 0, 0, 0, 0, 0, 69, 0, 0, 0, 0, 15, 84
"e:\Unity Projects\#TURRENTBASE\PROJETO  - Base Invaders\Assets\Scripts\GUI\Reward Panel\RewardBox.cs", "C#", 0, 0, 0, 0, 0, 85, 0, 0, 0, 0, 24, 109
"e:\Unity Projects\#TURRENTBASE\PROJETO  - Base Invaders\Assets\Scripts\GUI\Reward Panel\SellButton.cs", "C#", 0, 0, 0, 0, 0, 82, 0, 0, 0, 0, 18, 100
"e:\Unity Projects\#TURRENTBASE\PROJETO  - Base Invaders\Assets\Scripts\GUI\Reward Panel\StatAssetList.cs", "C#", 0, 0, 0, 0, 0, 19, 0, 0, 0, 0, 3, 22
"e:\Unity Projects\#TURRENTBASE\PROJETO  - Base Invaders\Assets\Scripts\GUI\Reward Panel\StatBox.cs", "C#", 0, 0, 0, 0, 0, 29, 0, 0, 0, 0, 6, 35
"e:\Unity Projects\#TURRENTBASE\PROJETO  - Base Invaders\Assets\Scripts\GUI\Reward Panel\StatInfoBox.cs", "C#", 0, 0, 0, 0, 0, 61, 0, 0, 0, 3, 13, 77
"e:\Unity Projects\#TURRENTBASE\PROJETO  - Base Invaders\Assets\Scripts\GUI\Reward Panel\StatPanel.cs", "C#", 0, 0, 0, 0, 0, 79, 0, 0, 0, 0, 20, 99
"e:\Unity Projects\#TURRENTBASE\PROJETO  - Base Invaders\Assets\Scripts\GUI\Reward Panel\TipBox.cs", "C#", 0, 0, 0, 0, 0, 29, 0, 0, 0, 0, 6, 35
"e:\Unity Projects\#TURRENTBASE\PROJETO  - Base Invaders\Assets\Scripts\GUI\Reward Panel\UpgradeButton.cs", "C#", 0, 0, 0, 0, 0, 158, 0, 0, 0, 0, 30, 188
"e:\Unity Projects\#TURRENTBASE\PROJETO  - Base Invaders\Assets\Scripts\GUI\Reward Panel\V2\BaseBox.cs", "C#", 0, 0, 0, 0, 0, 108, 0, 0, 0, 0, 16, 124
"e:\Unity Projects\#TURRENTBASE\PROJETO  - Base Invaders\Assets\Scripts\GUI\Reward Panel\V2\BuildBox.cs", "C#", 0, 0, 0, 0, 0, 355, 0, 0, 0, 2, 47, 404
"e:\Unity Projects\#TURRENTBASE\PROJETO  - Base Invaders\Assets\Scripts\GUI\Reward Panel\V2\BuildButton.cs", "C#", 0, 0, 0, 0, 0, 64, 0, 0, 0, 2, 13, 79
"e:\Unity Projects\#TURRENTBASE\PROJETO  - Base Invaders\Assets\Scripts\GUI\Reward Panel\V2\WeaponBox.cs", "C#", 0, 0, 0, 0, 0, 108, 0, 0, 0, 0, 17, 125
"e:\Unity Projects\#TURRENTBASE\PROJETO  - Base Invaders\Assets\Scripts\GUI\RewardInfoPanel.cs", "C#", 0, 0, 0, 0, 0, 35, 0, 0, 0, 0, 6, 41
"e:\Unity Projects\#TURRENTBASE\PROJETO  - Base Invaders\Assets\Scripts\GUI\TitleScreen\AudioTab.cs", "C#", 0, 0, 0, 0, 0, 43, 0, 0, 0, 0, 8, 51
"e:\Unity Projects\#TURRENTBASE\PROJETO  - Base Invaders\Assets\Scripts\GUI\TitleScreen\GameplayTab.cs", "C#", 0, 0, 0, 0, 0, 144, 0, 0, 0, 0, 18, 162
"e:\Unity Projects\#TURRENTBASE\PROJETO  - Base Invaders\Assets\Scripts\GUI\TitleScreen\OptionsMenu.cs", "C#", 0, 0, 0, 0, 0, 49, 0, 0, 0, 0, 11, 60
"e:\Unity Projects\#TURRENTBASE\PROJETO  - Base Invaders\Assets\Scripts\GUI\TitleScreen\TitleButton.cs", "C#", 0, 0, 0, 0, 0, 45, 0, 0, 0, 2, 7, 54
"e:\Unity Projects\#TURRENTBASE\PROJETO  - Base Invaders\Assets\Scripts\GUI\TitleScreen\VideoTab.cs", "C#", 0, 0, 0, 0, 0, 43, 0, 0, 0, 0, 8, 51
"e:\Unity Projects\#TURRENTBASE\PROJETO  - Base Invaders\Assets\Scripts\Interfaces\IDamageable.cs", "C#", 0, 0, 0, 0, 0, 9, 0, 0, 0, 0, 2, 11
"e:\Unity Projects\#TURRENTBASE\PROJETO  - Base Invaders\Assets\Scripts\Interfaces\IManager.cs", "C#", 0, 0, 0, 0, 0, 7, 0, 0, 0, 0, 2, 9
"e:\Unity Projects\#TURRENTBASE\PROJETO  - Base Invaders\Assets\Scripts\Managers\Global\Audio\AudioEffects.cs", "C#", 0, 0, 0, 0, 0, 36, 0, 0, 0, 0, 14, 50
"e:\Unity Projects\#TURRENTBASE\PROJETO  - Base Invaders\Assets\Scripts\Managers\Global\Audio\AudioEventData.cs", "C#", 0, 0, 0, 0, 0, 28, 0, 0, 0, 0, 4, 32
"e:\Unity Projects\#TURRENTBASE\PROJETO  - Base Invaders\Assets\Scripts\Managers\Global\Audio\AudioLibrary.cs", "C#", 0, 0, 0, 0, 0, 30, 0, 0, 0, 0, 6, 36
"e:\Unity Projects\#TURRENTBASE\PROJETO  - Base Invaders\Assets\Scripts\Managers\Global\Audio\AudioManager.cs", "C#", 0, 0, 0, 0, 0, 213, 0, 0, 0, 10, 51, 274
"e:\Unity Projects\#TURRENTBASE\PROJETO  - Base Invaders\Assets\Scripts\Managers\Global\Audio\AudioTrack.cs", "C#", 0, 0, 0, 0, 0, 126, 0, 0, 0, 0, 22, 148
"e:\Unity Projects\#TURRENTBASE\PROJETO  - Base Invaders\Assets\Scripts\Managers\Global\GameManager.cs", "C#", 0, 0, 0, 0, 0, 189, 0, 0, 0, 3, 57, 249
"e:\Unity Projects\#TURRENTBASE\PROJETO  - Base Invaders\Assets\Scripts\Managers\Global\InputManager.cs", "C#", 0, 0, 0, 0, 0, 197, 0, 0, 0, 16, 46, 259
"e:\Unity Projects\#TURRENTBASE\PROJETO  - Base Invaders\Assets\Scripts\Managers\Local\EffectMediator.cs", "C#", 0, 0, 0, 0, 0, 12, 0, 0, 0, 0, 3, 15
"e:\Unity Projects\#TURRENTBASE\PROJETO  - Base Invaders\Assets\Scripts\Managers\Local\HitManager.cs", "C#", 0, 0, 0, 0, 0, 70, 0, 0, 0, 0, 12, 82
"e:\Unity Projects\#TURRENTBASE\PROJETO  - Base Invaders\Assets\Scripts\Managers\Local\ParticleSystemAudioManager.cs", "C#", 0, 0, 0, 0, 0, 29, 0, 0, 0, 0, 6, 35
"e:\Unity Projects\#TURRENTBASE\PROJETO  - Base Invaders\Assets\Scripts\Managers\Local\VFXManager.cs", "C#", 0, 0, 0, 0, 0, 30, 0, 0, 0, 0, 7, 37
"e:\Unity Projects\#TURRENTBASE\PROJETO  - Base Invaders\Assets\Scripts\Managers\Local\VolumeManager.cs", "C#", 0, 0, 0, 0, 0, 21, 0, 0, 0, 0, 3, 24
"e:\Unity Projects\#TURRENTBASE\PROJETO  - Base Invaders\Assets\Scripts\Others\AttachGameObjectsToParticles.cs", "C#", 0, 0, 0, 0, 0, 37, 0, 0, 0, 2, 7, 46
"e:\Unity Projects\#TURRENTBASE\PROJETO  - Base Invaders\Assets\Scripts\Others\CameraFollowComponent.cs", "C#", 0, 0, 0, 0, 0, 39, 0, 0, 0, 0, 8, 47
"e:\Unity Projects\#TURRENTBASE\PROJETO  - Base Invaders\Assets\Scripts\Others\CraftyUtilities.cs", "C#", 0, 0, 0, 0, 0, 26, 0, 0, 0, 0, 5, 31
"e:\Unity Projects\#TURRENTBASE\PROJETO  - Base Invaders\Assets\Scripts\Others\CustomEventArgs.cs", "C#", 0, 0, 0, 0, 0, 31, 0, 0, 0, 0, 8, 39
"e:\Unity Projects\#TURRENTBASE\PROJETO  - Base Invaders\Assets\Scripts\Others\CutoutMaskUI.cs", "C#", 0, 0, 0, 0, 0, 18, 0, 0, 0, 0, 2, 20
"e:\Unity Projects\#TURRENTBASE\PROJETO  - Base Invaders\Assets\Scripts\Others\DescriptionDictionary.cs", "C#", 0, 0, 0, 0, 0, 49, 0, 0, 0, 0, 13, 62
"e:\Unity Projects\#TURRENTBASE\PROJETO  - Base Invaders\Assets\Scripts\Others\EnemyDeathEvent.cs", "C#", 0, 0, 0, 0, 0, 16, 0, 0, 0, 0, 3, 19
"e:\Unity Projects\#TURRENTBASE\PROJETO  - Base Invaders\Assets\Scripts\Others\EnemyPointer.cs", "C#", 0, 0, 0, 0, 0, 68, 0, 0, 0, 5, 16, 89
"e:\Unity Projects\#TURRENTBASE\PROJETO  - Base Invaders\Assets\Scripts\Others\EnumList.cs", "C#", 0, 0, 0, 0, 0, 33, 0, 0, 0, 5, 6, 44
"e:\Unity Projects\#TURRENTBASE\PROJETO  - Base Invaders\Assets\Scripts\Others\MovementSystem\AwarenessComponent.cs", "C#", 0, 0, 0, 0, 0, 35, 0, 0, 0, 0, 8, 43
"e:\Unity Projects\#TURRENTBASE\PROJETO  - Base Invaders\Assets\Scripts\Others\MovementSystem\MovableEntity.cs", "C#", 0, 0, 0, 0, 0, 112, 0, 0, 0, 3, 31, 146
"e:\Unity Projects\#TURRENTBASE\PROJETO  - Base Invaders\Assets\Scripts\Others\StringHandler.cs", "C#", 0, 0, 0, 0, 0, 59, 0, 0, 0, 0, 8, 67
"e:\Unity Projects\#TURRENTBASE\PROJETO  - Base Invaders\Assets\Scripts\Others\TargetableComponent.cs", "C#", 0, 0, 0, 0, 0, 6, 0, 0, 0, 0, 3, 9
"e:\Unity Projects\#TURRENTBASE\PROJETO  - Base Invaders\Assets\Scripts\Others\TrackingDevice.cs", "C#", 0, 0, 0, 0, 0, 83, 0, 0, 0, 1, 19, 103
"e:\Unity Projects\#TURRENTBASE\PROJETO  - Base Invaders\Assets\Scripts\Others\TriggerTypeShooter.cs", "C#", 0, 0, 0, 0, 0, 71, 0, 0, 0, 3, 19, 93
"e:\Unity Projects\#TURRENTBASE\PROJETO  - Base Invaders\Assets\Scripts\Others\Turret Stuff\DroneMovement.cs", "C#", 0, 0, 0, 0, 0, 102, 0, 0, 0, 5, 28, 135
"e:\Unity Projects\#TURRENTBASE\PROJETO  - Base Invaders\Assets\Scripts\Others\Turret Stuff\ShieldManager.cs", "C#", 0, 0, 0, 0, 0, 79, 0, 0, 0, 1, 18, 98
"e:\Unity Projects\#TURRENTBASE\PROJETO  - Base Invaders\Assets\Scripts\PointerEvents.cs", "C#", 0, 0, 0, 0, 0, 23, 0, 0, 0, 0, 6, 29
"e:\Unity Projects\#TURRENTBASE\PROJETO  - Base Invaders\Assets\Scripts\Reward\GUI\OfferBox.cs", "C#", 0, 0, 0, 0, 0, 35, 0, 0, 0, 0, 13, 48
"e:\Unity Projects\#TURRENTBASE\PROJETO  - Base Invaders\Assets\Scripts\Reward\GUI\RewardGUIManager.cs", "C#", 0, 0, 0, 0, 0, 214, 0, 0, 0, 10, 51, 275
"e:\Unity Projects\#TURRENTBASE\PROJETO  - Base Invaders\Assets\Scripts\Reward\GUI\TurretSlotGUI.cs", "C#", 0, 0, 0, 0, 0, 116, 0, 0, 0, 4, 30, 150
"e:\Unity Projects\#TURRENTBASE\PROJETO  - Base Invaders\Assets\Scripts\Reward\Packs\ComponentBox.cs", "C#", 0, 0, 0, 0, 0, 40, 0, 0, 0, 2, 9, 51
"e:\Unity Projects\#TURRENTBASE\PROJETO  - Base Invaders\Assets\Scripts\Reward\Packs\Pack.cs", "C#", 0, 0, 0, 0, 0, 12, 0, 0, 0, 0, 2, 14
"e:\Unity Projects\#TURRENTBASE\PROJETO  - Base Invaders\Assets\Scripts\Reward\Packs\PackBox.cs", "C#", 0, 0, 0, 0, 0, 68, 0, 0, 0, 0, 13, 81
"e:\Unity Projects\#TURRENTBASE\PROJETO  - Base Invaders\Assets\Scripts\Reward\Packs\PackOfferManager.cs", "C#", 0, 0, 0, 0, 0, 98, 0, 0, 0, 0, 23, 121
"e:\Unity Projects\#TURRENTBASE\PROJETO  - Base Invaders\Assets\Scripts\Reward\RewardCalculator.cs", "C#", 0, 0, 0, 0, 0, 130, 0, 0, 0, 0, 21, 151
"e:\Unity Projects\#TURRENTBASE\PROJETO  - Base Invaders\Assets\Scripts\Reward\RewardLevelData.cs", "C#", 0, 0, 0, 0, 0, 14, 0, 0, 0, 0, 2, 16
"e:\Unity Projects\#TURRENTBASE\PROJETO  - Base Invaders\Assets\Scripts\Reward\RewardManager.cs", "C#", 0, 0, 0, 0, 0, 177, 0, 0, 0, 1, 42, 220
"e:\Unity Projects\#TURRENTBASE\PROJETO  - Base Invaders\Assets\Scripts\Reward\RewardSelector.cs", "C#", 0, 0, 0, 0, 0, 12, 0, 0, 0, 2, 5, 19
"e:\Unity Projects\#TURRENTBASE\PROJETO  - Base Invaders\Assets\Scripts\Ship\ShipController.cs", "C#", 0, 0, 0, 0, 0, 73, 0, 0, 0, 20, 17, 110
"e:\Unity Projects\#TURRENTBASE\PROJETO  - Base Invaders\Assets\Scripts\Ship\ShipDamageController.cs", "C#", 0, 0, 0, 0, 0, 144, 0, 0, 0, 0, 35, 179
"e:\Unity Projects\#TURRENTBASE\PROJETO  - Base Invaders\Assets\Scripts\Ship\ShipManager.cs", "C#", 0, 0, 0, 0, 0, 74, 0, 0, 0, 1, 14, 89
"e:\Unity Projects\#TURRENTBASE\PROJETO  - Base Invaders\Assets\Scripts\Templates\ActionController.cs", "C#", 0, 0, 0, 0, 0, 100, 0, 0, 0, 0, 21, 121
"e:\Unity Projects\#TURRENTBASE\PROJETO  - Base Invaders\Assets\Scripts\Templates\ActionEffect.cs", "C#", 0, 0, 0, 0, 0, 171, 0, 0, 0, 5, 37, 213
"e:\Unity Projects\#TURRENTBASE\PROJETO  - Base Invaders\Assets\Scripts\Templates\ActionStat.cs", "C#", 0, 0, 0, 0, 0, 0, 0, 0, 0, 0, 2, 2
"e:\Unity Projects\#TURRENTBASE\PROJETO  - Base Invaders\Assets\Scripts\Templates\AttackPatternTemplate.cs", "C#", 0, 0, 0, 0, 0, 14, 0, 0, 0, 0, 5, 19
"e:\Unity Projects\#TURRENTBASE\PROJETO  - Base Invaders\Assets\Scripts\Templates\BaseEffectTemplate.cs", "C#", 0, 0, 0, 0, 0, 107, 0, 0, 0, 0, 23, 130
"e:\Unity Projects\#TURRENTBASE\PROJETO  - Base Invaders\Assets\Scripts\Templates\MovementPatternTemplate.cs", "C#", 0, 0, 0, 0, 0, 24, 0, 0, 0, 0, 8, 32
"e:\Unity Projects\#TURRENTBASE\PROJETO  - Base Invaders\Assets\Scripts\Turret\ActionEffects\Controllers\DroneController.cs", "C#", 0, 0, 0, 0, 0, 54, 0, 0, 0, 0, 13, 67
"e:\Unity Projects\#TURRENTBASE\PROJETO  - Base Invaders\Assets\Scripts\Turret\ActionEffects\Controllers\FollowerController.cs", "C#", 0, 0, 0, 0, 0, 74, 0, 0, 0, 2, 31, 107
"e:\Unity Projects\#TURRENTBASE\PROJETO  - Base Invaders\Assets\Scripts\Turret\ActionEffects\Controllers\SupportController.cs", "C#", 0, 0, 0, 0, 0, 72, 0, 0, 0, 11, 15, 98
"e:\Unity Projects\#TURRENTBASE\PROJETO  - Base Invaders\Assets\Scripts\Turret\ActionEffects\Controllers\TimedController.cs", "C#", 0, 0, 0, 0, 0, 44, 0, 0, 0, 0, 11, 55
"e:\Unity Projects\#TURRENTBASE\PROJETO  - Base Invaders\Assets\Scripts\Turret\ActionEffects\Effects\AcidSprayEffect.cs", "C#", 0, 0, 0, 0, 0, 82, 0, 0, 0, 1, 18, 101
"e:\Unity Projects\#TURRENTBASE\PROJETO  - Base Invaders\Assets\Scripts\Turret\ActionEffects\Effects\ArtilleryEffect.cs", "C#", 0, 0, 0, 0, 0, 56, 0, 0, 0, 0, 13, 69
"e:\Unity Projects\#TURRENTBASE\PROJETO  - Base Invaders\Assets\Scripts\Turret\ActionEffects\Effects\BeamEffect.cs", "C#", 0, 0, 0, 0, 0, 85, 0, 0, 0, 2, 19, 106
"e:\Unity Projects\#TURRENTBASE\PROJETO  - Base Invaders\Assets\Scripts\Turret\ActionEffects\Effects\BlunderbussEffect.cs", "C#", 0, 0, 0, 0, 0, 82, 0, 0, 0, 2, 18, 102
"e:\Unity Projects\#TURRENTBASE\PROJETO  - Base Invaders\Assets\Scripts\Turret\ActionEffects\Effects\BombFragEffect.cs", "C#", 0, 0, 0, 0, 0, 25, 0, 0, 0, 0, 9, 34
"e:\Unity Projects\#TURRENTBASE\PROJETO  - Base Invaders\Assets\Scripts\Turret\ActionEffects\Effects\BomberEffect.cs", "C#", 0, 0, 0, 0, 0, 83, 0, 0, 0, 2, 20, 105
"e:\Unity Projects\#TURRENTBASE\PROJETO  - Base Invaders\Assets\Scripts\Turret\ActionEffects\Effects\CometEffect.cs", "C#", 0, 0, 0, 0, 0, 72, 0, 0, 0, 0, 16, 88
"e:\Unity Projects\#TURRENTBASE\PROJETO  - Base Invaders\Assets\Scripts\Turret\ActionEffects\Effects\DisruptorEffect.cs", "C#", 0, 0, 0, 0, 0, 82, 0, 0, 0, 2, 18, 102
"e:\Unity Projects\#TURRENTBASE\PROJETO  - Base Invaders\Assets\Scripts\Turret\ActionEffects\Effects\EnhanceEffect.cs", "C#", 0, 0, 0, 0, 0, 89, 0, 0, 0, 0, 18, 107
"e:\Unity Projects\#TURRENTBASE\PROJETO  - Base Invaders\Assets\Scripts\Turret\ActionEffects\Effects\GuardianEffect.cs", "C#", 0, 0, 0, 0, 0, 66, 0, 0, 0, 0, 19, 85
"e:\Unity Projects\#TURRENTBASE\PROJETO  - Base Invaders\Assets\Scripts\Turret\ActionEffects\Effects\HealEffect.cs", "C#", 0, 0, 0, 0, 0, 72, 0, 0, 0, 0, 18, 90
"e:\Unity Projects\#TURRENTBASE\PROJETO  - Base Invaders\Assets\Scripts\Turret\ActionEffects\Effects\LancerEffect.cs", "C#", 0, 0, 0, 0, 0, 73, 0, 0, 0, 0, 15, 88
"e:\Unity Projects\#TURRENTBASE\PROJETO  - Base Invaders\Assets\Scripts\Turret\ActionEffects\Effects\LeechEffect.cs", "C#", 0, 0, 0, 0, 0, 71, 0, 0, 0, 0, 16, 87
"e:\Unity Projects\#TURRENTBASE\PROJETO  - Base Invaders\Assets\Scripts\Turret\ActionEffects\Effects\NukeEffect.cs", "C#", 0, 0, 0, 0, 0, 89, 0, 0, 0, 1, 23, 113
"e:\Unity Projects\#TURRENTBASE\PROJETO  - Base Invaders\Assets\Scripts\Turret\ActionEffects\Effects\PlasmaEffect.cs", "C#", 0, 0, 0, 0, 0, 78, 0, 0, 0, 1, 19, 98
"e:\Unity Projects\#TURRENTBASE\PROJETO  - Base Invaders\Assets\Scripts\Turret\ActionEffects\Effects\RayCasterEffect.cs", "C#", 0, 0, 0, 0, 0, 78, 0, 0, 0, 8, 19, 105
"e:\Unity Projects\#TURRENTBASE\PROJETO  - Base Invaders\Assets\Scripts\Turret\ActionEffects\Effects\SentryGunEffect.cs", "C#", 0, 0, 0, 0, 0, 67, 0, 0, 0, 0, 15, 82
"e:\Unity Projects\#TURRENTBASE\PROJETO  - Base Invaders\Assets\Scripts\Turret\ActionEffects\Effects\SharkEffect.cs", "C#", 0, 0, 0, 0, 0, 67, 0, 0, 0, 0, 15, 82
"e:\Unity Projects\#TURRENTBASE\PROJETO  - Base Invaders\Assets\Scripts\Turret\ActionEffects\Effects\ShellEffect.cs", "C#", 0, 0, 0, 0, 0, 77, 0, 0, 0, 1, 17, 95
"e:\Unity Projects\#TURRENTBASE\PROJETO  - Base Invaders\Assets\Scripts\Turret\ActionEffects\Effects\ShotgunEffect.cs", "C#", 0, 0, 0, 0, 0, 67, 0, 0, 0, 0, 18, 85
"e:\Unity Projects\#TURRENTBASE\PROJETO  - Base Invaders\Assets\Scripts\Turret\ActionEffects\Effects\SpawnerEffect.cs", "C#", 0, 0, 0, 0, 0, 96, 0, 0, 0, 0, 28, 124
"e:\Unity Projects\#TURRENTBASE\PROJETO  - Base Invaders\Assets\Scripts\Turret\ActionEffects\Effects\SpreadEffect.cs", "C#", 0, 0, 0, 0, 0, 80, 0, 0, 0, 0, 18, 98
"e:\Unity Projects\#TURRENTBASE\PROJETO  - Base Invaders\Assets\Scripts\Turret\ActionEffects\Effects\StingerEffect.cs", "C#", 0, 0, 0, 0, 0, 91, 0, 0, 0, 0, 20, 111
"e:\Unity Projects\#TURRENTBASE\PROJETO  - Base Invaders\Assets\Scripts\Turret\ActionEffects\Status effect\Acid.cs", "C#", 0, 0, 0, 0, 0, 36, 0, 0, 0, 0, 7, 43
"e:\Unity Projects\#TURRENTBASE\PROJETO  - Base Invaders\Assets\Scripts\Turret\ActionEffects\Status effect\Expose.cs", "C#", 0, 0, 0, 0, 0, 41, 0, 0, 0, 0, 6, 47
"e:\Unity Projects\#TURRENTBASE\PROJETO  - Base Invaders\Assets\Scripts\Turret\ActionEffects\Status effect\Slug.cs", "C#", 0, 0, 0, 0, 0, 27, 0, 0, 0, 2, 9, 38
"e:\Unity Projects\#TURRENTBASE\PROJETO  - Base Invaders\Assets\Scripts\Turret\ActionEffects\Status effect\StatusEffect.cs", "C#", 0, 0, 0, 0, 0, 40, 0, 0, 0, 0, 12, 52
"e:\Unity Projects\#TURRENTBASE\PROJETO  - Base Invaders\Assets\Scripts\Turret\ActionEffects\Status effect\Stun.cs", "C#", 0, 0, 0, 0, 0, 20, 0, 0, 0, 0, 6, 26
"e:\Unity Projects\#TURRENTBASE\PROJETO  - Base Invaders\Assets\Scripts\Turret\ActionEffects\Status effect\Weaken.cs", "C#", 0, 0, 0, 0, 0, 31, 0, 0, 0, 0, 9, 40
"e:\Unity Projects\#TURRENTBASE\PROJETO  - Base Invaders\Assets\Scripts\Turret\BaseEffects\AgressiveEffect.cs", "C#", 0, 0, 0, 0, 0, 21, 0, 0, 0, 0, 4, 25
"e:\Unity Projects\#TURRENTBASE\PROJETO  - Base Invaders\Assets\Scripts\Turret\BaseEffects\BasicEffect.cs", "C#", 0, 0, 0, 0, 0, 14, 0, 0, 0, 0, 4, 18
"e:\Unity Projects\#TURRENTBASE\PROJETO  - Base Invaders\Assets\Scripts\Turret\BaseEffects\CheapEffect.cs", "C#", 0, 0, 0, 0, 0, 15, 0, 0, 0, 0, 4, 19
"e:\Unity Projects\#TURRENTBASE\PROJETO  - Base Invaders\Assets\Scripts\Turret\BaseEffects\EmpoweringEffect.cs", "C#", 0, 0, 0, 0, 0, 67, 0, 0, 0, 0, 18, 85
"e:\Unity Projects\#TURRENTBASE\PROJETO  - Base Invaders\Assets\Scripts\Turret\BaseEffects\EnfeeblingEffect.cs", "C#", 0, 0, 0, 0, 0, 24, 0, 0, 0, 0, 5, 29
"e:\Unity Projects\#TURRENTBASE\PROJETO  - Base Invaders\Assets\Scripts\Turret\BaseEffects\EnhancePerLevel.cs", "C#", 0, 0, 0, 0, 0, 40, 0, 0, 0, 0, 7, 47
"e:\Unity Projects\#TURRENTBASE\PROJETO  - Base Invaders\Assets\Scripts\Turret\BaseEffects\EnhancePerTurretCount.cs", "C#", 0, 0, 0, 0, 0, 37, 0, 0, 0, 0, 7, 44
"e:\Unity Projects\#TURRENTBASE\PROJETO  - Base Invaders\Assets\Scripts\Turret\BaseEffects\EnhanceRaw.cs", "C#", 0, 0, 0, 0, 0, 47, 0, 0, 0, 0, 6, 53
"e:\Unity Projects\#TURRENTBASE\PROJETO  - Base Invaders\Assets\Scripts\Turret\BaseEffects\ExplosiveEffect.cs", "C#", 0, 0, 0, 0, 0, 23, 0, 0, 0, 0, 4, 27
"e:\Unity Projects\#TURRENTBASE\PROJETO  - Base Invaders\Assets\Scripts\Turret\BaseEffects\IncendiaryEffect.cs", "C#", 0, 0, 0, 0, 0, 23, 0, 0, 0, 0, 5, 28
"e:\Unity Projects\#TURRENTBASE\PROJETO  - Base Invaders\Assets\Scripts\Turret\BaseEffects\LegionaryEffect.cs", "C#", 0, 0, 0, 0, 0, 41, 0, 0, 0, 0, 9, 50
"e:\Unity Projects\#TURRENTBASE\PROJETO  - Base Invaders\Assets\Scripts\Turret\BaseEffects\MendingEffect.cs", "C#", 0, 0, 0, 0, 0, 38, 0, 0, 0, 0, 6, 44
"e:\Unity Projects\#TURRENTBASE\PROJETO  - Base Invaders\Assets\Scripts\Turret\BaseEffects\MercenaryEffect.cs", "C#", 0, 0, 0, 0, 0, 32, 0, 0, 0, 0, 5, 37
"e:\Unity Projects\#TURRENTBASE\PROJETO  - Base Invaders\Assets\Scripts\Turret\BaseEffects\ProdigyEffect.cs", "C#", 0, 0, 0, 0, 0, 23, 0, 0, 0, 0, 4, 27
"e:\Unity Projects\#TURRENTBASE\PROJETO  - Base Invaders\Assets\Scripts\Turret\BaseEffects\RelentlessEffect.cs", "C#", 0, 0, 0, 0, 0, 21, 0, 0, 0, 0, 4, 25
"e:\Unity Projects\#TURRENTBASE\PROJETO  - Base Invaders\Assets\Scripts\Turret\BaseEffects\ScrapperEffect.cs", "C#", 0, 0, 0, 0, 0, 47, 0, 0, 0, 0, 7, 54
"e:\Unity Projects\#TURRENTBASE\PROJETO  - Base Invaders\Assets\Scripts\Turret\BaseEffects\SeekerParticleComponent.cs", "C#", 0, 0, 0, 0, 0, 43, 0, 0, 0, 0, 14, 57
"e:\Unity Projects\#TURRENTBASE\PROJETO  - Base Invaders\Assets\Scripts\Turret\BaseEffects\ShieldedEffect.cs", "C#", 0, 0, 0, 0, 0, 17, 0, 0, 0, 0, 4, 21
"e:\Unity Projects\#TURRENTBASE\PROJETO  - Base Invaders\Assets\Scripts\Turret\BaseEffects\StoicEffect.cs", "C#", 0, 0, 0, 0, 0, 17, 0, 0, 0, 0, 6, 23
"e:\Unity Projects\#TURRENTBASE\PROJETO  - Base Invaders\Assets\Scripts\Turret\BaseEffects\VeteranEffect.cs", "C#", 0, 0, 0, 0, 0, 26, 0, 0, 0, 0, 6, 32
"e:\Unity Projects\#TURRENTBASE\PROJETO  - Base Invaders\Assets\Scripts\Turret\BaseEffects\ViciousEffect.cs", "C#", 0, 0, 0, 0, 0, 52, 0, 0, 0, 6, 12, 70
"e:\Unity Projects\#TURRENTBASE\PROJETO  - Base Invaders\Assets\Scripts\Turret\IntegrityManager.cs", "C#", 0, 0, 0, 0, 0, 90, 0, 0, 0, 1, 17, 108
"e:\Unity Projects\#TURRENTBASE\PROJETO  - Base Invaders\Assets\Scripts\Turret\RewardList.cs", "C#", 0, 0, 0, 0, 0, 45, 0, 0, 0, 0, 10, 55
"e:\Unity Projects\#TURRENTBASE\PROJETO  - Base Invaders\Assets\Scripts\Turret\TurretConstructor.cs", "C#", 0, 0, 0, 0, 0, 109, 0, 0, 0, 7, 20, 136
"e:\Unity Projects\#TURRENTBASE\PROJETO  - Base Invaders\Assets\Scripts\Turret\TurretManager.cs", "C#", 0, 0, 0, 0, 0, 67, 0, 0, 0, 0, 18, 85
"e:\Unity Projects\#TURRENTBASE\PROJETO  - Base Invaders\Assets\Scripts\Turret\TurretSlot.cs", "C#", 0, 0, 0, 0, 0, 32, 0, 0, 0, 2, 8, 42
"e:\Unity Projects\#TURRENTBASE\PROJETO  - Base Invaders\Assets\Scripts\Turret\TurretVFXManager.cs", "C#", 0, 0, 0, 0, 0, 76, 0, 0, 0, 0, 20, 96
"e:\Unity Projects\#TURRENTBASE\PROJETO  - Base Invaders\Assets\Scripts\Tutorial\TutorialBox.cs", "C#", 0, 0, 0, 0, 0, 61, 0, 0, 0, 0, 8, 69
"e:\Unity Projects\#TURRENTBASE\PROJETO  - Base Invaders\Assets\Scripts\Tutorial\TutorialManager.cs", "C#", 0, 0, 0, 0, 0, 75, 0, 0, 0, 0, 24, 99
"e:\Unity Projects\#TURRENTBASE\PROJETO  - Base Invaders\Assets\Scripts\Wave\WaveData.cs", "C#", 0, 0, 0, 0, 0, 41, 0, 0, 0, 11, 8, 60
"e:\Unity Projects\#TURRENTBASE\PROJETO  - Base Invaders\Assets\Scripts\Wave\WaveList.cs", "C#", 0, 0, 0, 0, 0, 8, 0, 0, 0, 0, 2, 10
"e:\Unity Projects\#TURRENTBASE\PROJETO  - Base Invaders\Assets\Scripts\Wave\WaveManager.cs", "C#", 0, 0, 0, 0, 0, 220, 0, 0, 0, 1, 49, 270
"e:\Unity Projects\#TURRENTBASE\PROJETO  - Base Invaders\Assets\TextMesh Pro\Shaders\TMP_Bitmap-Custom-Atlas.shader", "ShaderLab", 0, 0, 0, 0, 109, 0, 0, 0, 0, 2, 33, 144
"e:\Unity Projects\#TURRENTBASE\PROJETO  - Base Invaders\Assets\TextMesh Pro\Shaders\TMP_Bitmap-Mobile.shader", "ShaderLab", 0, 0, 0, 0, 112, 0, 0, 0, 0, 3, 31, 146
"e:\Unity Projects\#TURRENTBASE\PROJETO  - Base Invaders\Assets\TextMesh Pro\Shaders\TMP_Bitmap.shader", "ShaderLab", 0, 0, 0, 0, 109, 0, 0, 0, 0, 2, 33, 144
"e:\Unity Projects\#TURRENTBASE\PROJETO  - Base Invaders\Assets\TextMesh Pro\Shaders\TMP_SDF Overlay.shader", "ShaderLab", 0, 0, 0, 0, 243, 0, 0, 0, 0, 4, 71, 318
"e:\Unity Projects\#TURRENTBASE\PROJETO  - Base Invaders\Assets\TextMesh Pro\Shaders\TMP_SDF SSD.shader", "ShaderLab", 0, 0, 0, 0, 241, 0, 0, 0, 0, 4, 66, 311
"e:\Unity Projects\#TURRENTBASE\PROJETO  - Base Invaders\Assets\TextMesh Pro\Shaders\TMP_SDF-Mobile Masking.shader", "ShaderLab", 0, 0, 0, 0, 188, 0, 0, 0, 0, 10, 50, 248
"e:\Unity Projects\#TURRENTBASE\PROJETO  - Base Invaders\Assets\TextMesh Pro\Shaders\TMP_SDF-Mobile Overlay.shader", "ShaderLab", 0, 0, 0, 0, 183, 0, 0, 0, 0, 8, 50, 241
"e:\Unity Projects\#TURRENTBASE\PROJETO  - Base Invaders\Assets\TextMesh Pro\Shaders\TMP_SDF-Mobile SSD.shader", "ShaderLab", 0, 0, 0, 0, 82, 0, 0, 0, 0, 4, 21, 107
"e:\Unity Projects\#TURRENTBASE\PROJETO  - Base Invaders\Assets\TextMesh Pro\Shaders\TMP_SDF-Mobile.shader", "ShaderLab", 0, 0, 0, 0, 183, 0, 0, 0, 0, 8, 50, 241
"e:\Unity Projects\#TURRENTBASE\PROJETO  - Base Invaders\Assets\TextMesh Pro\Shaders\TMP_SDF-Surface-Mobile.shader", "ShaderLab", 0, 0, 0, 0, 103, 0, 0, 0, 0, 8, 28, 139
"e:\Unity Projects\#TURRENTBASE\PROJETO  - Base Invaders\Assets\TextMesh Pro\Shaders\TMP_SDF-Surface.shader", "ShaderLab", 0, 0, 0, 0, 122, 0, 0, 0, 0, 4, 33, 159
"e:\Unity Projects\#TURRENTBASE\PROJETO  - Base Invaders\Assets\TextMesh Pro\Shaders\TMP_SDF.shader", "ShaderLab", 0, 0, 0, 0, 243, 0, 0, 0, 0, 4, 71, 318
"e:\Unity Projects\#TURRENTBASE\PROJETO  - Base Invaders\Assets\TextMesh Pro\Shaders\TMP_Sprite.shader", "ShaderLab", 0, 0, 0, 0, 97, 0, 0, 0, 0, 0, 20, 117
"e:\Unity Projects\#TURRENTBASE\PROJETO  - Base Invaders\Assets\TextMesh Pro\Shaders\TMPro.cginc", "ShaderLab", 0, 0, 0, 0, 63, 0, 0, 0, 0, 2, 20, 85
"e:\Unity Projects\#TURRENTBASE\PROJETO  - Base Invaders\Assets\TextMesh Pro\Shaders\TMPro_Mobile.cginc", "ShaderLab", 0, 0, 0, 0, 122, 0, 0, 0, 0, 2, 34, 158
"e:\Unity Projects\#TURRENTBASE\PROJETO  - Base Invaders\Assets\TextMesh Pro\Shaders\TMPro_Properties.cginc", "ShaderLab", 0, 0, 0, 0, 62, 0, 0, 0, 0, 10, 14, 86
"e:\Unity Projects\#TURRENTBASE\PROJETO  - Base Invaders\Assets\TextMesh Pro\Shaders\TMPro_Surface.cginc", "ShaderLab", 0, 0, 0, 0, 76, 0, 0, 0, 0, 7, 19, 102
"e:\Unity Projects\#TURRENTBASE\PROJETO  - Base Invaders\Assets\TextMesh Pro\Sprites\EmojiOne.json", "JSON", 155, 0, 0, 0, 0, 0, 0, 0, 0, 0, 2, 157
"e:\Unity Projects\#TURRENTBASE\PROJETO  - Base Invaders\FMODUnity.csproj", "XML", 0, 740, 0, 0, 0, 0, 0, 0, 0, 7, 1, 748
"e:\Unity Projects\#TURRENTBASE\PROJETO  - Base Invaders\FMODUnityEditor.csproj", "XML", 0, 747, 0, 0, 0, 0, 0, 0, 0, 7, 1, 755
"e:\Unity Projects\#TURRENTBASE\PROJETO  - Base Invaders\FMODUnityResonance.csproj", "XML", 0, 707, 0, 0, 0, 0, 0, 0, 0, 7, 1, 715
"e:\Unity Projects\#TURRENTBASE\PROJETO  - Base Invaders\FMODUnityResonanceEditor.csproj", "XML", 0, 715, 0, 0, 0, 0, 0, 0, 0, 7, 1, 723
"e:\Unity Projects\#TURRENTBASE\PROJETO  - Base Invaders\FMOD\Metadata\Asset\{2861d712-cc7c-4dd0-8274-8f413e40b021}.xml", "XML", 0, 11, 0, 0, 0, 0, 0, 0, 0, 0, 1, 12
"e:\Unity Projects\#TURRENTBASE\PROJETO  - Base Invaders\FMOD\Metadata\Asset\{3e16ab93-eeda-403f-8b4d-76d1e4912506}.xml", "XML", 0, 11, 0, 0, 0, 0, 0, 0, 0, 0, 1, 12
"e:\Unity Projects\#TURRENTBASE\PROJETO  - Base Invaders\FMOD\Metadata\Asset\{532a3b04-4b26-4099-b77d-2e16b8112fa1}.xml", "XML", 0, 11, 0, 0, 0, 0, 0, 0, 0, 0, 1, 12
"e:\Unity Projects\#TURRENTBASE\PROJETO  - Base Invaders\FMOD\Metadata\Asset\{8a3d9a47-5fd9-4ecb-80fa-357316a289e0}.xml", "XML", 0, 4, 0, 0, 0, 0, 0, 0, 0, 0, 1, 5
"e:\Unity Projects\#TURRENTBASE\PROJETO  - Base Invaders\FMOD\Metadata\Asset\{8d22f724-ade5-41d8-adad-cbeda4b53b1a}.xml", "XML", 0, 11, 0, 0, 0, 0, 0, 0, 0, 0, 1, 12
"e:\Unity Projects\#TURRENTBASE\PROJETO  - Base Invaders\FMOD\Metadata\Asset\{b685700d-9e58-47d5-9d3b-e7328c4c31a2}.xml", "XML", 0, 11, 0, 0, 0, 0, 0, 0, 0, 0, 1, 12
"e:\Unity Projects\#TURRENTBASE\PROJETO  - Base Invaders\FMOD\Metadata\Asset\{c826cc76-a35c-43da-9887-d0bdf56c435e}.xml", "XML", 0, 11, 0, 0, 0, 0, 0, 0, 0, 0, 1, 12
"e:\Unity Projects\#TURRENTBASE\PROJETO  - Base Invaders\FMOD\Metadata\Asset\{d0ca47ad-748b-498f-8091-e790e59559f2}.xml", "XML", 0, 11, 0, 0, 0, 0, 0, 0, 0, 0, 1, 12
"e:\Unity Projects\#TURRENTBASE\PROJETO  - Base Invaders\FMOD\Metadata\AudioFile\{010a4235-5608-419c-bd50-f40195f9f41e}.xml", "XML", 0, 23, 0, 0, 0, 0, 0, 0, 0, 0, 1, 24
"e:\Unity Projects\#TURRENTBASE\PROJETO  - Base Invaders\FMOD\Metadata\AudioFile\{01c967dd-5825-4022-981e-3871e792c9be}.xml", "XML", 0, 20, 0, 0, 0, 0, 0, 0, 0, 0, 1, 21
"e:\Unity Projects\#TURRENTBASE\PROJETO  - Base Invaders\FMOD\Metadata\AudioFile\{07800f91-017c-44e6-9ceb-ec972d0c101c}.xml", "XML", 0, 20, 0, 0, 0, 0, 0, 0, 0, 0, 1, 21
"e:\Unity Projects\#TURRENTBASE\PROJETO  - Base Invaders\FMOD\Metadata\AudioFile\{08a0d387-3b28-4d05-9dd5-496aa59916ec}.xml", "XML", 0, 20, 0, 0, 0, 0, 0, 0, 0, 0, 1, 21
"e:\Unity Projects\#TURRENTBASE\PROJETO  - Base Invaders\FMOD\Metadata\AudioFile\{0921ff60-3b57-4f0d-b928-2c567d5d8a3d}.xml", "XML", 0, 20, 0, 0, 0, 0, 0, 0, 0, 0, 1, 21
"e:\Unity Projects\#TURRENTBASE\PROJETO  - Base Invaders\FMOD\Metadata\AudioFile\{0ae49ac6-b366-4bb6-bd2a-60d64bf0e3e5}.xml", "XML", 0, 20, 0, 0, 0, 0, 0, 0, 0, 0, 1, 21
"e:\Unity Projects\#TURRENTBASE\PROJETO  - Base Invaders\FMOD\Metadata\AudioFile\{0c0c594e-f99f-4614-8cc1-4f9ebaffd04d}.xml", "XML", 0, 20, 0, 0, 0, 0, 0, 0, 0, 0, 1, 21
"e:\Unity Projects\#TURRENTBASE\PROJETO  - Base Invaders\FMOD\Metadata\AudioFile\{0ea71cce-ab14-479d-9709-d7d7e2e9fe70}.xml", "XML", 0, 20, 0, 0, 0, 0, 0, 0, 0, 0, 1, 21
"e:\Unity Projects\#TURRENTBASE\PROJETO  - Base Invaders\FMOD\Metadata\AudioFile\{110ea17e-94e8-4be5-83a5-539b768b8443}.xml", "XML", 0, 20, 0, 0, 0, 0, 0, 0, 0, 0, 1, 21
"e:\Unity Projects\#TURRENTBASE\PROJETO  - Base Invaders\FMOD\Metadata\AudioFile\{116b266a-be67-442e-9658-c7ee865f877a}.xml", "XML", 0, 23, 0, 0, 0, 0, 0, 0, 0, 0, 1, 24
"e:\Unity Projects\#TURRENTBASE\PROJETO  - Base Invaders\FMOD\Metadata\AudioFile\{1231fb4d-4840-4839-a89f-15914e3d1c41}.xml", "XML", 0, 20, 0, 0, 0, 0, 0, 0, 0, 0, 1, 21
"e:\Unity Projects\#TURRENTBASE\PROJETO  - Base Invaders\FMOD\Metadata\AudioFile\{13846b12-3024-48a5-9e36-b909943c0a0c}.xml", "XML", 0, 20, 0, 0, 0, 0, 0, 0, 0, 0, 1, 21
"e:\Unity Projects\#TURRENTBASE\PROJETO  - Base Invaders\FMOD\Metadata\AudioFile\{18cae4d3-dd02-4471-af16-ffb25b14fa73}.xml", "XML", 0, 20, 0, 0, 0, 0, 0, 0, 0, 0, 1, 21
"e:\Unity Projects\#TURRENTBASE\PROJETO  - Base Invaders\FMOD\Metadata\AudioFile\{1b05dd7e-9d20-4513-8a81-aebc51f79b50}.xml", "XML", 0, 23, 0, 0, 0, 0, 0, 0, 0, 0, 1, 24
"e:\Unity Projects\#TURRENTBASE\PROJETO  - Base Invaders\FMOD\Metadata\AudioFile\{1cc760a3-fb0e-48b1-8d52-84bc31502e47}.xml", "XML", 0, 20, 0, 0, 0, 0, 0, 0, 0, 0, 1, 21
"e:\Unity Projects\#TURRENTBASE\PROJETO  - Base Invaders\FMOD\Metadata\AudioFile\{1fd584d2-5039-4a96-b82d-b82d7f682557}.xml", "XML", 0, 23, 0, 0, 0, 0, 0, 0, 0, 0, 1, 24
"e:\Unity Projects\#TURRENTBASE\PROJETO  - Base Invaders\FMOD\Metadata\AudioFile\{21105edf-5243-4ede-a0a8-e96b8830902c}.xml", "XML", 0, 20, 0, 0, 0, 0, 0, 0, 0, 0, 1, 21
"e:\Unity Projects\#TURRENTBASE\PROJETO  - Base Invaders\FMOD\Metadata\AudioFile\{22fae3a4-b422-4e43-8891-ab651d15586d}.xml", "XML", 0, 20, 0, 0, 0, 0, 0, 0, 0, 0, 1, 21
"e:\Unity Projects\#TURRENTBASE\PROJETO  - Base Invaders\FMOD\Metadata\AudioFile\{277a5a5c-0ab8-452f-904f-1122df860ae5}.xml", "XML", 0, 20, 0, 0, 0, 0, 0, 0, 0, 0, 1, 21
"e:\Unity Projects\#TURRENTBASE\PROJETO  - Base Invaders\FMOD\Metadata\AudioFile\{28702203-1b12-4857-b258-c56604cc9bed}.xml", "XML", 0, 20, 0, 0, 0, 0, 0, 0, 0, 0, 1, 21
"e:\Unity Projects\#TURRENTBASE\PROJETO  - Base Invaders\FMOD\Metadata\AudioFile\{28c7f53d-a6b7-425d-ba52-f958b458403c}.xml", "XML", 0, 20, 0, 0, 0, 0, 0, 0, 0, 0, 1, 21
"e:\Unity Projects\#TURRENTBASE\PROJETO  - Base Invaders\FMOD\Metadata\AudioFile\{295b1001-a4e4-405a-b723-7a0073a97a6f}.xml", "XML", 0, 20, 0, 0, 0, 0, 0, 0, 0, 0, 1, 21
"e:\Unity Projects\#TURRENTBASE\PROJETO  - Base Invaders\FMOD\Metadata\AudioFile\{2a36d721-73c5-406b-822e-398235563906}.xml", "XML", 0, 20, 0, 0, 0, 0, 0, 0, 0, 0, 1, 21
"e:\Unity Projects\#TURRENTBASE\PROJETO  - Base Invaders\FMOD\Metadata\AudioFile\{2a737d58-083f-4470-8c95-8d551fbdc33d}.xml", "XML", 0, 20, 0, 0, 0, 0, 0, 0, 0, 0, 1, 21
"e:\Unity Projects\#TURRENTBASE\PROJETO  - Base Invaders\FMOD\Metadata\AudioFile\{2d3056dc-2c0d-4249-a730-e3fbf4ba5565}.xml", "XML", 0, 20, 0, 0, 0, 0, 0, 0, 0, 0, 1, 21
"e:\Unity Projects\#TURRENTBASE\PROJETO  - Base Invaders\FMOD\Metadata\AudioFile\{36c70071-68d2-402b-988b-1b4c6348148d}.xml", "XML", 0, 20, 0, 0, 0, 0, 0, 0, 0, 0, 1, 21
"e:\Unity Projects\#TURRENTBASE\PROJETO  - Base Invaders\FMOD\Metadata\AudioFile\{36ed1449-a0ab-4a74-9902-acc75e68a957}.xml", "XML", 0, 20, 0, 0, 0, 0, 0, 0, 0, 0, 1, 21
"e:\Unity Projects\#TURRENTBASE\PROJETO  - Base Invaders\FMOD\Metadata\AudioFile\{3809e76d-2f4f-47bd-9e79-8bafd8acd30c}.xml", "XML", 0, 20, 0, 0, 0, 0, 0, 0, 0, 0, 1, 21
"e:\Unity Projects\#TURRENTBASE\PROJETO  - Base Invaders\FMOD\Metadata\AudioFile\{3844e63b-ce72-412c-ad45-4b662a2b11b5}.xml", "XML", 0, 20, 0, 0, 0, 0, 0, 0, 0, 0, 1, 21
"e:\Unity Projects\#TURRENTBASE\PROJETO  - Base Invaders\FMOD\Metadata\AudioFile\{39c361ec-b529-487e-ab8e-66bc9f3ca3a9}.xml", "XML", 0, 23, 0, 0, 0, 0, 0, 0, 0, 0, 1, 24
"e:\Unity Projects\#TURRENTBASE\PROJETO  - Base Invaders\FMOD\Metadata\AudioFile\{3a51c4b9-0a81-4270-b1c4-aecf46952257}.xml", "XML", 0, 20, 0, 0, 0, 0, 0, 0, 0, 0, 1, 21
"e:\Unity Projects\#TURRENTBASE\PROJETO  - Base Invaders\FMOD\Metadata\AudioFile\{3a965884-329a-4f4b-8259-eda0a40b615a}.xml", "XML", 0, 20, 0, 0, 0, 0, 0, 0, 0, 0, 1, 21
"e:\Unity Projects\#TURRENTBASE\PROJETO  - Base Invaders\FMOD\Metadata\AudioFile\{3c1bc11a-910e-4243-9f30-5ad7d2c6aba6}.xml", "XML", 0, 23, 0, 0, 0, 0, 0, 0, 0, 0, 1, 24
"e:\Unity Projects\#TURRENTBASE\PROJETO  - Base Invaders\FMOD\Metadata\AudioFile\{3ea8160c-f51e-4d55-ac54-9e96174009f4}.xml", "XML", 0, 20, 0, 0, 0, 0, 0, 0, 0, 0, 1, 21
"e:\Unity Projects\#TURRENTBASE\PROJETO  - Base Invaders\FMOD\Metadata\AudioFile\{4198cd6d-555a-4fcc-aa37-019099587fe4}.xml", "XML", 0, 20, 0, 0, 0, 0, 0, 0, 0, 0, 1, 21
"e:\Unity Projects\#TURRENTBASE\PROJETO  - Base Invaders\FMOD\Metadata\AudioFile\{47574fbe-db74-4ca3-aaae-dd4f4bce2a24}.xml", "XML", 0, 20, 0, 0, 0, 0, 0, 0, 0, 0, 1, 21
"e:\Unity Projects\#TURRENTBASE\PROJETO  - Base Invaders\FMOD\Metadata\AudioFile\{4c3f4189-10a2-4418-a9b4-20612d8be27b}.xml", "XML", 0, 20, 0, 0, 0, 0, 0, 0, 0, 0, 1, 21
"e:\Unity Projects\#TURRENTBASE\PROJETO  - Base Invaders\FMOD\Metadata\AudioFile\{4c76eece-6c92-49c5-9ab4-596ad1e2cd12}.xml", "XML", 0, 20, 0, 0, 0, 0, 0, 0, 0, 0, 1, 21
"e:\Unity Projects\#TURRENTBASE\PROJETO  - Base Invaders\FMOD\Metadata\AudioFile\{4fceecdb-3949-4d96-93bc-9d9dc3defe64}.xml", "XML", 0, 23, 0, 0, 0, 0, 0, 0, 0, 0, 1, 24
"e:\Unity Projects\#TURRENTBASE\PROJETO  - Base Invaders\FMOD\Metadata\AudioFile\{523c0d90-dc75-40da-8285-f9e289b2a49f}.xml", "XML", 0, 20, 0, 0, 0, 0, 0, 0, 0, 0, 1, 21
"e:\Unity Projects\#TURRENTBASE\PROJETO  - Base Invaders\FMOD\Metadata\AudioFile\{5a59d3df-6458-4a1b-9cb0-6d47723f5be1}.xml", "XML", 0, 20, 0, 0, 0, 0, 0, 0, 0, 0, 1, 21
"e:\Unity Projects\#TURRENTBASE\PROJETO  - Base Invaders\FMOD\Metadata\AudioFile\{5a916038-44e3-452b-9fe2-d1273ccd3800}.xml", "XML", 0, 20, 0, 0, 0, 0, 0, 0, 0, 0, 1, 21
"e:\Unity Projects\#TURRENTBASE\PROJETO  - Base Invaders\FMOD\Metadata\AudioFile\{5bf52bb6-06d2-42f6-886b-a7c81cb97d85}.xml", "XML", 0, 20, 0, 0, 0, 0, 0, 0, 0, 0, 1, 21
"e:\Unity Projects\#TURRENTBASE\PROJETO  - Base Invaders\FMOD\Metadata\AudioFile\{5c1d7034-dd63-4092-8139-a837128f1e62}.xml", "XML", 0, 20, 0, 0, 0, 0, 0, 0, 0, 0, 1, 21
"e:\Unity Projects\#TURRENTBASE\PROJETO  - Base Invaders\FMOD\Metadata\AudioFile\{5e6e4585-16d3-4e22-95d3-3900ba329cf3}.xml", "XML", 0, 20, 0, 0, 0, 0, 0, 0, 0, 0, 1, 21
"e:\Unity Projects\#TURRENTBASE\PROJETO  - Base Invaders\FMOD\Metadata\AudioFile\{5e711032-4ff2-46a1-98aa-604af898f54d}.xml", "XML", 0, 20, 0, 0, 0, 0, 0, 0, 0, 0, 1, 21
"e:\Unity Projects\#TURRENTBASE\PROJETO  - Base Invaders\FMOD\Metadata\AudioFile\{5fb056fa-d10f-4ff5-a50c-f2c47fb198b0}.xml", "XML", 0, 20, 0, 0, 0, 0, 0, 0, 0, 0, 1, 21
"e:\Unity Projects\#TURRENTBASE\PROJETO  - Base Invaders\FMOD\Metadata\AudioFile\{662041a2-514c-4e3f-b347-04f4a5562fdd}.xml", "XML", 0, 20, 0, 0, 0, 0, 0, 0, 0, 0, 1, 21
"e:\Unity Projects\#TURRENTBASE\PROJETO  - Base Invaders\FMOD\Metadata\AudioFile\{6a5d5a9b-8581-43d6-a3ed-e41a739d289c}.xml", "XML", 0, 23, 0, 0, 0, 0, 0, 0, 0, 0, 1, 24
"e:\Unity Projects\#TURRENTBASE\PROJETO  - Base Invaders\FMOD\Metadata\AudioFile\{6ae941c3-7117-41cc-b72b-a22ce83e2e46}.xml", "XML", 0, 20, 0, 0, 0, 0, 0, 0, 0, 0, 1, 21
"e:\Unity Projects\#TURRENTBASE\PROJETO  - Base Invaders\FMOD\Metadata\AudioFile\{6b799f82-2665-4350-988c-59d8532fdd5b}.xml", "XML", 0, 20, 0, 0, 0, 0, 0, 0, 0, 0, 1, 21
"e:\Unity Projects\#TURRENTBASE\PROJETO  - Base Invaders\FMOD\Metadata\AudioFile\{6f709afb-1ba9-4a6a-9227-a51e5d0ddfbb}.xml", "XML", 0, 20, 0, 0, 0, 0, 0, 0, 0, 0, 1, 21
"e:\Unity Projects\#TURRENTBASE\PROJETO  - Base Invaders\FMOD\Metadata\AudioFile\{7406d9b2-e6c2-4357-98bd-166fd02bb202}.xml", "XML", 0, 20, 0, 0, 0, 0, 0, 0, 0, 0, 1, 21
"e:\Unity Projects\#TURRENTBASE\PROJETO  - Base Invaders\FMOD\Metadata\AudioFile\{7b9a823a-8c46-442f-95d0-d7a3877bff7a}.xml", "XML", 0, 20, 0, 0, 0, 0, 0, 0, 0, 0, 1, 21
"e:\Unity Projects\#TURRENTBASE\PROJETO  - Base Invaders\FMOD\Metadata\AudioFile\{7f163f37-0391-4b8a-af4e-f1732ffffca5}.xml", "XML", 0, 20, 0, 0, 0, 0, 0, 0, 0, 0, 1, 21
"e:\Unity Projects\#TURRENTBASE\PROJETO  - Base Invaders\FMOD\Metadata\AudioFile\{806639db-ecd6-4697-8e46-9c03d363da4f}.xml", "XML", 0, 20, 0, 0, 0, 0, 0, 0, 0, 0, 1, 21
"e:\Unity Projects\#TURRENTBASE\PROJETO  - Base Invaders\FMOD\Metadata\AudioFile\{86cd15ac-a6e3-4e6c-ae2c-aaac32ff128e}.xml", "XML", 0, 20, 0, 0, 0, 0, 0, 0, 0, 0, 1, 21
"e:\Unity Projects\#TURRENTBASE\PROJETO  - Base Invaders\FMOD\Metadata\AudioFile\{8c161fbc-4933-4e33-9746-91daa345d7ae}.xml", "XML", 0, 20, 0, 0, 0, 0, 0, 0, 0, 0, 1, 21
"e:\Unity Projects\#TURRENTBASE\PROJETO  - Base Invaders\FMOD\Metadata\AudioFile\{8e1065a2-2c17-46c7-9896-3bc7d0d5f915}.xml", "XML", 0, 20, 0, 0, 0, 0, 0, 0, 0, 0, 1, 21
"e:\Unity Projects\#TURRENTBASE\PROJETO  - Base Invaders\FMOD\Metadata\AudioFile\{9713e796-20e9-45e8-9481-18ad3fd1deb6}.xml", "XML", 0, 20, 0, 0, 0, 0, 0, 0, 0, 0, 1, 21
"e:\Unity Projects\#TURRENTBASE\PROJETO  - Base Invaders\FMOD\Metadata\AudioFile\{97f1aefa-fe5b-4cb3-b724-f6e298f18722}.xml", "XML", 0, 20, 0, 0, 0, 0, 0, 0, 0, 0, 1, 21
"e:\Unity Projects\#TURRENTBASE\PROJETO  - Base Invaders\FMOD\Metadata\AudioFile\{991348e9-0543-49aa-aa2d-3810187b48ea}.xml", "XML", 0, 20, 0, 0, 0, 0, 0, 0, 0, 0, 1, 21
"e:\Unity Projects\#TURRENTBASE\PROJETO  - Base Invaders\FMOD\Metadata\AudioFile\{9bd4d6ac-65c0-4789-82d0-23d5e9922fbe}.xml", "XML", 0, 20, 0, 0, 0, 0, 0, 0, 0, 0, 1, 21
"e:\Unity Projects\#TURRENTBASE\PROJETO  - Base Invaders\FMOD\Metadata\AudioFile\{9e72affd-3510-43e6-acdc-a61c50d8d35f}.xml", "XML", 0, 20, 0, 0, 0, 0, 0, 0, 0, 0, 1, 21
"e:\Unity Projects\#TURRENTBASE\PROJETO  - Base Invaders\FMOD\Metadata\AudioFile\{9fb5d358-724d-4cd0-a88a-2350d9aeaaa4}.xml", "XML", 0, 20, 0, 0, 0, 0, 0, 0, 0, 0, 1, 21
"e:\Unity Projects\#TURRENTBASE\PROJETO  - Base Invaders\FMOD\Metadata\AudioFile\{abd6da8e-5408-4971-853b-20ebfca2f49d}.xml", "XML", 0, 20, 0, 0, 0, 0, 0, 0, 0, 0, 1, 21
"e:\Unity Projects\#TURRENTBASE\PROJETO  - Base Invaders\FMOD\Metadata\AudioFile\{b0341e57-4080-429f-96e3-22785a266858}.xml", "XML", 0, 20, 0, 0, 0, 0, 0, 0, 0, 0, 1, 21
"e:\Unity Projects\#TURRENTBASE\PROJETO  - Base Invaders\FMOD\Metadata\AudioFile\{b3bda748-4112-475b-80d7-51e05e717d16}.xml", "XML", 0, 23, 0, 0, 0, 0, 0, 0, 0, 0, 1, 24
"e:\Unity Projects\#TURRENTBASE\PROJETO  - Base Invaders\FMOD\Metadata\AudioFile\{b5a0d140-21c0-44ab-be7e-842baec611a5}.xml", "XML", 0, 20, 0, 0, 0, 0, 0, 0, 0, 0, 1, 21
"e:\Unity Projects\#TURRENTBASE\PROJETO  - Base Invaders\FMOD\Metadata\AudioFile\{b5be8b5d-4cca-4122-80e4-f9f2c08fb437}.xml", "XML", 0, 20, 0, 0, 0, 0, 0, 0, 0, 0, 1, 21
"e:\Unity Projects\#TURRENTBASE\PROJETO  - Base Invaders\FMOD\Metadata\AudioFile\{b713bee7-0a9e-43db-8506-00b3729350d7}.xml", "XML", 0, 23, 0, 0, 0, 0, 0, 0, 0, 0, 1, 24
"e:\Unity Projects\#TURRENTBASE\PROJETO  - Base Invaders\FMOD\Metadata\AudioFile\{c3615849-e483-4d65-9898-62156ef3407e}.xml", "XML", 0, 20, 0, 0, 0, 0, 0, 0, 0, 0, 1, 21
"e:\Unity Projects\#TURRENTBASE\PROJETO  - Base Invaders\FMOD\Metadata\AudioFile\{c797e307-88db-4001-8397-0813dee8a041}.xml", "XML", 0, 20, 0, 0, 0, 0, 0, 0, 0, 0, 1, 21
"e:\Unity Projects\#TURRENTBASE\PROJETO  - Base Invaders\FMOD\Metadata\AudioFile\{c98cf950-b72a-419a-ae62-dabf7a9ce9b8}.xml", "XML", 0, 23, 0, 0, 0, 0, 0, 0, 0, 0, 1, 24
"e:\Unity Projects\#TURRENTBASE\PROJETO  - Base Invaders\FMOD\Metadata\AudioFile\{caee632b-06ca-4871-ba31-03f69d5ebf4f}.xml", "XML", 0, 23, 0, 0, 0, 0, 0, 0, 0, 0, 1, 24
"e:\Unity Projects\#TURRENTBASE\PROJETO  - Base Invaders\FMOD\Metadata\AudioFile\{ce18ab86-8653-47a8-ad8d-93b42cf136e8}.xml", "XML", 0, 20, 0, 0, 0, 0, 0, 0, 0, 0, 1, 21
"e:\Unity Projects\#TURRENTBASE\PROJETO  - Base Invaders\FMOD\Metadata\AudioFile\{d1378ab9-30b0-4225-bceb-bad10c9a2795}.xml", "XML", 0, 23, 0, 0, 0, 0, 0, 0, 0, 0, 1, 24
"e:\Unity Projects\#TURRENTBASE\PROJETO  - Base Invaders\FMOD\Metadata\AudioFile\{d148ca2e-f0b5-443f-b936-b860c0a5f5dd}.xml", "XML", 0, 20, 0, 0, 0, 0, 0, 0, 0, 0, 1, 21
"e:\Unity Projects\#TURRENTBASE\PROJETO  - Base Invaders\FMOD\Metadata\AudioFile\{d6a6cb49-7fa6-4548-a46d-7f704bc12d08}.xml", "XML", 0, 20, 0, 0, 0, 0, 0, 0, 0, 0, 1, 21
"e:\Unity Projects\#TURRENTBASE\PROJETO  - Base Invaders\FMOD\Metadata\AudioFile\{d725fdbe-9bbc-4f83-9112-9fc5491dacca}.xml", "XML", 0, 20, 0, 0, 0, 0, 0, 0, 0, 0, 1, 21
"e:\Unity Projects\#TURRENTBASE\PROJETO  - Base Invaders\FMOD\Metadata\AudioFile\{d7cb34c6-0a34-466b-91eb-60f4b667a300}.xml", "XML", 0, 20, 0, 0, 0, 0, 0, 0, 0, 0, 1, 21
"e:\Unity Projects\#TURRENTBASE\PROJETO  - Base Invaders\FMOD\Metadata\AudioFile\{d9110f0d-58d5-40fa-adb5-7ea2f9fc44cc}.xml", "XML", 0, 20, 0, 0, 0, 0, 0, 0, 0, 0, 1, 21
"e:\Unity Projects\#TURRENTBASE\PROJETO  - Base Invaders\FMOD\Metadata\AudioFile\{d9d979b4-0a9f-466b-b322-15597bdc9ef3}.xml", "XML", 0, 20, 0, 0, 0, 0, 0, 0, 0, 0, 1, 21
"e:\Unity Projects\#TURRENTBASE\PROJETO  - Base Invaders\FMOD\Metadata\AudioFile\{dacba34d-f1b2-43ee-a391-06ecd1286c79}.xml", "XML", 0, 20, 0, 0, 0, 0, 0, 0, 0, 0, 1, 21
"e:\Unity Projects\#TURRENTBASE\PROJETO  - Base Invaders\FMOD\Metadata\AudioFile\{e075f39e-031d-46f7-b40b-5c72aec78c50}.xml", "XML", 0, 20, 0, 0, 0, 0, 0, 0, 0, 0, 1, 21
"e:\Unity Projects\#TURRENTBASE\PROJETO  - Base Invaders\FMOD\Metadata\AudioFile\{eb71c806-8265-4339-b639-be4eef02b0f1}.xml", "XML", 0, 20, 0, 0, 0, 0, 0, 0, 0, 0, 1, 21
"e:\Unity Projects\#TURRENTBASE\PROJETO  - Base Invaders\FMOD\Metadata\AudioFile\{f07b27af-8e8b-4da7-92f2-40798ce1c20b}.xml", "XML", 0, 20, 0, 0, 0, 0, 0, 0, 0, 0, 1, 21
"e:\Unity Projects\#TURRENTBASE\PROJETO  - Base Invaders\FMOD\Metadata\AudioFile\{f1b364d7-100d-4493-b244-127aa424c4e5}.xml", "XML", 0, 20, 0, 0, 0, 0, 0, 0, 0, 0, 1, 21
"e:\Unity Projects\#TURRENTBASE\PROJETO  - Base Invaders\FMOD\Metadata\AudioFile\{f5cfbb38-fc7a-4054-8007-a0f3efb42344}.xml", "XML", 0, 20, 0, 0, 0, 0, 0, 0, 0, 0, 1, 21
"e:\Unity Projects\#TURRENTBASE\PROJETO  - Base Invaders\FMOD\Metadata\AudioFile\{f673b20a-3fd8-47d3-a8e1-c741b42b3b1a}.xml", "XML", 0, 20, 0, 0, 0, 0, 0, 0, 0, 0, 1, 21
"e:\Unity Projects\#TURRENTBASE\PROJETO  - Base Invaders\FMOD\Metadata\AudioFile\{f8b48d26-2c74-48d0-834a-8e360c70359c}.xml", "XML", 0, 23, 0, 0, 0, 0, 0, 0, 0, 0, 1, 24
"e:\Unity Projects\#TURRENTBASE\PROJETO  - Base Invaders\FMOD\Metadata\AudioFile\{fa0158b9-6115-450e-9a32-40ca1a9eb22c}.xml", "XML", 0, 20, 0, 0, 0, 0, 0, 0, 0, 0, 1, 21
"e:\Unity Projects\#TURRENTBASE\PROJETO  - Base Invaders\FMOD\Metadata\AudioFile\{fc43eaf9-dc57-4ea3-ae5b-2f6b2a55cf96}.xml", "XML", 0, 20, 0, 0, 0, 0, 0, 0, 0, 0, 1, 21
"e:\Unity Projects\#TURRENTBASE\PROJETO  - Base Invaders\FMOD\Metadata\AudioFile\{fce46323-a50d-48df-8978-9636450d1408}.xml", "XML", 0, 20, 0, 0, 0, 0, 0, 0, 0, 0, 1, 21
"e:\Unity Projects\#TURRENTBASE\PROJETO  - Base Invaders\FMOD\Metadata\BankFolder\{098a2043-45a4-49a4-aa6a-640606bc7c4d}.xml", "XML", 0, 4, 0, 0, 0, 0, 0, 0, 0, 0, 1, 5
"e:\Unity Projects\#TURRENTBASE\PROJETO  - Base Invaders\FMOD\Metadata\Bank\{c180eb75-dcb6-48ed-8082-eb47900d10a5}.xml", "XML", 0, 14, 0, 0, 0, 0, 0, 0, 0, 0, 1, 15
"e:\Unity Projects\#TURRENTBASE\PROJETO  - Base Invaders\FMOD\Metadata\EffectPresetFolder\{66e6f528-6dc4-477d-92c6-a1cc6f719695}.xml", "XML", 0, 4, 0, 0, 0, 0, 0, 0, 0, 0, 1, 5
"e:\Unity Projects\#TURRENTBASE\PROJETO  - Base Invaders\FMOD\Metadata\EncodingSetting\{40e43324-c9ed-411d-83bb-5e1524b996a0}.xml", "XML", 0, 17, 0, 0, 0, 0, 0, 0, 0, 0, 1, 18
"e:\Unity Projects\#TURRENTBASE\PROJETO  - Base Invaders\FMOD\Metadata\EventFolder\{1323668a-cbd4-4069-bf08-ef57d9544ec8}.xml", "XML", 0, 11, 0, 0, 0, 0, 0, 0, 0, 0, 1, 12
"e:\Unity Projects\#TURRENTBASE\PROJETO  - Base Invaders\FMOD\Metadata\EventFolder\{1f5b3c1c-088f-4624-bc9b-0df9dae79dc1}.xml", "XML", 0, 11, 0, 0, 0, 0, 0, 0, 0, 0, 1, 12
"e:\Unity Projects\#TURRENTBASE\PROJETO  - Base Invaders\FMOD\Metadata\EventFolder\{63c2c48c-4ce7-4653-93fa-10acb41fa3ab}.xml", "XML", 0, 11, 0, 0, 0, 0, 0, 0, 0, 0, 1, 12
"e:\Unity Projects\#TURRENTBASE\PROJETO  - Base Invaders\FMOD\Metadata\EventFolder\{ae4d58c7-3974-4b71-8064-305b7ffdcfde}.xml", "XML", 0, 11, 0, 0, 0, 0, 0, 0, 0, 0, 1, 12
"e:\Unity Projects\#TURRENTBASE\PROJETO  - Base Invaders\FMOD\Metadata\EventFolder\{d379cafc-324e-4ca2-87f7-4bd71fa1a55e}.xml", "XML", 0, 11, 0, 0, 0, 0, 0, 0, 0, 0, 1, 12
"e:\Unity Projects\#TURRENTBASE\PROJETO  - Base Invaders\FMOD\Metadata\EventFolder\{d8fdac22-913b-43d3-a32b-ed23317ab63e}.xml", "XML", 0, 11, 0, 0, 0, 0, 0, 0, 0, 0, 1, 12
"e:\Unity Projects\#TURRENTBASE\PROJETO  - Base Invaders\FMOD\Metadata\EventFolder\{e6bfb398-fcba-4a91-8274-11c959a4a35d}.xml", "XML", 0, 8, 0, 0, 0, 0, 0, 0, 0, 0, 1, 9
"e:\Unity Projects\#TURRENTBASE\PROJETO  - Base Invaders\FMOD\Metadata\Event\{02fb8d60-5c69-4fcb-af39-6b14da2a1f72}.xml", "XML", 0, 131, 0, 0, 0, 0, 0, 0, 0, 0, 1, 132
"e:\Unity Projects\#TURRENTBASE\PROJETO  - Base Invaders\FMOD\Metadata\Event\{08bfbe9c-9a47-4d86-bb92-b9d98ed75048}.xml", "XML", 0, 259, 0, 0, 0, 0, 0, 0, 0, 0, 1, 260
"e:\Unity Projects\#TURRENTBASE\PROJETO  - Base Invaders\FMOD\Metadata\Event\{0c1ac1a0-1c86-4e52-98ee-310f18067037}.xml", "XML", 0, 136, 0, 0, 0, 0, 0, 0, 0, 0, 1, 137
"e:\Unity Projects\#TURRENTBASE\PROJETO  - Base Invaders\FMOD\Metadata\Event\{0c4644e1-8dde-44fc-a738-55127465201f}.xml", "XML", 0, 149, 0, 0, 0, 0, 0, 0, 0, 0, 1, 150
"e:\Unity Projects\#TURRENTBASE\PROJETO  - Base Invaders\FMOD\Metadata\Event\{0e9b265a-5bf0-47ed-bab6-078c7c24caa6}.xml", "XML", 0, 158, 0, 0, 0, 0, 0, 0, 0, 0, 1, 159
"e:\Unity Projects\#TURRENTBASE\PROJETO  - Base Invaders\FMOD\Metadata\Event\{15476724-0fd0-4da6-ad4e-c095be640368}.xml", "XML", 0, 128, 0, 0, 0, 0, 0, 0, 0, 0, 1, 129
"e:\Unity Projects\#TURRENTBASE\PROJETO  - Base Invaders\FMOD\Metadata\Event\{158d4aa7-c804-475e-8639-6cf75fddb6d7}.xml", "XML", 0, 183, 0, 0, 0, 0, 0, 0, 0, 0, 1, 184
"e:\Unity Projects\#TURRENTBASE\PROJETO  - Base Invaders\FMOD\Metadata\Event\{16bebf33-4ce5-4bc1-8697-d9630d6f676a}.xml", "XML", 0, 149, 0, 0, 0, 0, 0, 0, 0, 0, 1, 150
"e:\Unity Projects\#TURRENTBASE\PROJETO  - Base Invaders\FMOD\Metadata\Event\{16fc5150-f5d3-4037-89fe-ac0e6922ef78}.xml", "XML", 0, 128, 0, 0, 0, 0, 0, 0, 0, 0, 1, 129
"e:\Unity Projects\#TURRENTBASE\PROJETO  - Base Invaders\FMOD\Metadata\Event\{1d16aed1-22d2-48f1-ae88-fb37264b589a}.xml", "XML", 0, 128, 0, 0, 0, 0, 0, 0, 0, 0, 1, 129
"e:\Unity Projects\#TURRENTBASE\PROJETO  - Base Invaders\FMOD\Metadata\Event\{2706ffea-d5cb-4100-98fc-ff94fb527254}.xml", "XML", 0, 290, 0, 0, 0, 0, 0, 0, 0, 0, 1, 291
"e:\Unity Projects\#TURRENTBASE\PROJETO  - Base Invaders\FMOD\Metadata\Event\{313b5785-2a36-4836-a64a-9efe00061594}.xml", "XML", 0, 165, 0, 0, 0, 0, 0, 0, 0, 0, 1, 166
"e:\Unity Projects\#TURRENTBASE\PROJETO  - Base Invaders\FMOD\Metadata\Event\{362ba63d-989e-4d0d-bdbb-a086b80eeac5}.xml", "XML", 0, 128, 0, 0, 0, 0, 0, 0, 0, 0, 1, 129
"e:\Unity Projects\#TURRENTBASE\PROJETO  - Base Invaders\FMOD\Metadata\Event\{39a2ea6a-0ae0-4e75-a780-555256769f39}.xml", "XML", 0, 128, 0, 0, 0, 0, 0, 0, 0, 0, 1, 129
"e:\Unity Projects\#TURRENTBASE\PROJETO  - Base Invaders\FMOD\Metadata\Event\{3bc7d6ac-bc9b-4971-8725-8a15119c1ef6}.xml", "XML", 0, 128, 0, 0, 0, 0, 0, 0, 0, 0, 1, 129
"e:\Unity Projects\#TURRENTBASE\PROJETO  - Base Invaders\FMOD\Metadata\Event\{3d1f7eac-8aeb-48df-a411-b62371276af4}.xml", "XML", 0, 132, 0, 0, 0, 0, 0, 0, 0, 0, 1, 133
"e:\Unity Projects\#TURRENTBASE\PROJETO  - Base Invaders\FMOD\Metadata\Event\{3e549913-2007-478f-94d6-e651bdce5dba}.xml", "XML", 0, 152, 0, 0, 0, 0, 0, 0, 0, 0, 1, 153
"e:\Unity Projects\#TURRENTBASE\PROJETO  - Base Invaders\FMOD\Metadata\Event\{41bcb1da-5627-4e24-972d-da035d6d710a}.xml", "XML", 0, 166, 0, 0, 0, 0, 0, 0, 0, 0, 1, 167
"e:\Unity Projects\#TURRENTBASE\PROJETO  - Base Invaders\FMOD\Metadata\Event\{475b7ac8-e96f-4d65-bb58-7f8825df1295}.xml", "XML", 0, 238, 0, 0, 0, 0, 0, 0, 0, 0, 1, 239
"e:\Unity Projects\#TURRENTBASE\PROJETO  - Base Invaders\FMOD\Metadata\Event\{47948c7c-5347-40ef-adde-9cba9e1c41ef}.xml", "XML", 0, 148, 0, 0, 0, 0, 0, 0, 0, 0, 1, 149
"e:\Unity Projects\#TURRENTBASE\PROJETO  - Base Invaders\FMOD\Metadata\Event\{4d185b23-8651-4afb-a773-2932a0c59a05}.xml", "XML", 0, 168, 0, 0, 0, 0, 0, 0, 0, 0, 1, 169
"e:\Unity Projects\#TURRENTBASE\PROJETO  - Base Invaders\FMOD\Metadata\Event\{50534ba2-5033-4854-95a9-888f96398eb2}.xml", "XML", 0, 165, 0, 0, 0, 0, 0, 0, 0, 0, 1, 166
"e:\Unity Projects\#TURRENTBASE\PROJETO  - Base Invaders\FMOD\Metadata\Event\{51c7fd65-77f3-4f37-8e5d-1501d2a48750}.xml", "XML", 0, 158, 0, 0, 0, 0, 0, 0, 0, 0, 1, 159
"e:\Unity Projects\#TURRENTBASE\PROJETO  - Base Invaders\FMOD\Metadata\Event\{52e28131-d261-49ec-af57-d3b44cb1323e}.xml", "XML", 0, 307, 0, 0, 0, 0, 0, 0, 0, 0, 1, 308
"e:\Unity Projects\#TURRENTBASE\PROJETO  - Base Invaders\FMOD\Metadata\Event\{5322af75-4d30-4d67-9f93-a8795727f880}.xml", "XML", 0, 336, 0, 0, 0, 0, 0, 0, 0, 0, 1, 337
"e:\Unity Projects\#TURRENTBASE\PROJETO  - Base Invaders\FMOD\Metadata\Event\{5fff40ff-2465-4a67-a285-0515478c6a75}.xml", "XML", 0, 202, 0, 0, 0, 0, 0, 0, 0, 0, 1, 203
"e:\Unity Projects\#TURRENTBASE\PROJETO  - Base Invaders\FMOD\Metadata\Event\{66efb005-7225-4d87-b055-d7d1ab32af5c}.xml", "XML", 0, 131, 0, 0, 0, 0, 0, 0, 0, 0, 1, 132
"e:\Unity Projects\#TURRENTBASE\PROJETO  - Base Invaders\FMOD\Metadata\Event\{69001b08-05e2-4015-8443-6be9786473a5}.xml", "XML", 0, 152, 0, 0, 0, 0, 0, 0, 0, 0, 1, 153
"e:\Unity Projects\#TURRENTBASE\PROJETO  - Base Invaders\FMOD\Metadata\Event\{69f5e50d-8dd4-4a73-9c03-defcf83b4b43}.xml", "XML", 0, 128, 0, 0, 0, 0, 0, 0, 0, 0, 1, 129
"e:\Unity Projects\#TURRENTBASE\PROJETO  - Base Invaders\FMOD\Metadata\Event\{6b1c0690-4b4e-42e5-bba8-de2f932cfdd9}.xml", "XML", 0, 374, 0, 0, 0, 0, 0, 0, 0, 0, 1, 375
"e:\Unity Projects\#TURRENTBASE\PROJETO  - Base Invaders\FMOD\Metadata\Event\{6d2867fa-df07-4f8b-a5c8-53dce197ad1f}.xml", "XML", 0, 148, 0, 0, 0, 0, 0, 0, 0, 0, 1, 149
"e:\Unity Projects\#TURRENTBASE\PROJETO  - Base Invaders\FMOD\Metadata\Event\{74361ed0-ae99-42c7-8fc2-5c6715238efd}.xml", "XML", 0, 189, 0, 0, 0, 0, 0, 0, 0, 0, 1, 190
"e:\Unity Projects\#TURRENTBASE\PROJETO  - Base Invaders\FMOD\Metadata\Event\{75177ac4-9dfd-4735-a0b7-e60041f934f1}.xml", "XML", 0, 132, 0, 0, 0, 0, 0, 0, 0, 0, 1, 133
"e:\Unity Projects\#TURRENTBASE\PROJETO  - Base Invaders\FMOD\Metadata\Event\{7555dbca-1776-43de-b109-636239053286}.xml", "XML", 0, 128, 0, 0, 0, 0, 0, 0, 0, 0, 1, 129
"e:\Unity Projects\#TURRENTBASE\PROJETO  - Base Invaders\FMOD\Metadata\Event\{7b5c207f-f361-4f95-b32c-d2219184f275}.xml", "XML", 0, 156, 0, 0, 0, 0, 0, 0, 0, 0, 1, 157
"e:\Unity Projects\#TURRENTBASE\PROJETO  - Base Invaders\FMOD\Metadata\Event\{7d04e937-bca5-4ef1-88d4-59a0b6814719}.xml", "XML", 0, 140, 0, 0, 0, 0, 0, 0, 0, 0, 1, 141
"e:\Unity Projects\#TURRENTBASE\PROJETO  - Base Invaders\FMOD\Metadata\Event\{814e1629-2eb6-4598-aff7-03017ce5ce38}.xml", "XML", 0, 128, 0, 0, 0, 0, 0, 0, 0, 0, 1, 129
"e:\Unity Projects\#TURRENTBASE\PROJETO  - Base Invaders\FMOD\Metadata\Event\{827ef337-83c4-450d-b6db-9d11896d5ee0}.xml", "XML", 0, 128, 0, 0, 0, 0, 0, 0, 0, 0, 1, 129
"e:\Unity Projects\#TURRENTBASE\PROJETO  - Base Invaders\FMOD\Metadata\Event\{82d519e3-40ed-4184-9bea-bcb4f5bcac29}.xml", "XML", 0, 128, 0, 0, 0, 0, 0, 0, 0, 0, 1, 129
"e:\Unity Projects\#TURRENTBASE\PROJETO  - Base Invaders\FMOD\Metadata\Event\{8330578c-c20e-44ec-9b6d-6b093da6e949}.xml", "XML", 0, 164, 0, 0, 0, 0, 0, 0, 0, 0, 1, 165
"e:\Unity Projects\#TURRENTBASE\PROJETO  - Base Invaders\FMOD\Metadata\Event\{83c3b952-5e8d-4698-a0b7-de9377b0bb50}.xml", "XML", 0, 231, 0, 0, 0, 0, 0, 0, 0, 0, 1, 232
"e:\Unity Projects\#TURRENTBASE\PROJETO  - Base Invaders\FMOD\Metadata\Event\{8903a634-2ac5-474c-b3d8-18056b55f544}.xml", "XML", 0, 143, 0, 0, 0, 0, 0, 0, 0, 0, 1, 144
"e:\Unity Projects\#TURRENTBASE\PROJETO  - Base Invaders\FMOD\Metadata\Event\{8a23d77d-f64e-4b83-bda9-427050f0b2fa}.xml", "XML", 0, 208, 0, 0, 0, 0, 0, 0, 0, 0, 1, 209
"e:\Unity Projects\#TURRENTBASE\PROJETO  - Base Invaders\FMOD\Metadata\Event\{8a79f709-bb6e-4528-a390-48fa5ed715b5}.xml", "XML", 0, 134, 0, 0, 0, 0, 0, 0, 0, 0, 1, 135
"e:\Unity Projects\#TURRENTBASE\PROJETO  - Base Invaders\FMOD\Metadata\Event\{8be42473-0705-4700-9d23-6a2228c60b39}.xml", "XML", 0, 128, 0, 0, 0, 0, 0, 0, 0, 0, 1, 129
"e:\Unity Projects\#TURRENTBASE\PROJETO  - Base Invaders\FMOD\Metadata\Event\{8cf46f77-7a7f-4dfc-b53c-6400ae503143}.xml", "XML", 0, 128, 0, 0, 0, 0, 0, 0, 0, 0, 1, 129
"e:\Unity Projects\#TURRENTBASE\PROJETO  - Base Invaders\FMOD\Metadata\Event\{8f766bba-a60f-4c39-ab09-706a946a8fe2}.xml", "XML", 0, 128, 0, 0, 0, 0, 0, 0, 0, 0, 1, 129
"e:\Unity Projects\#TURRENTBASE\PROJETO  - Base Invaders\FMOD\Metadata\Event\{945cfed0-0d22-457e-ad5a-8bb54dc8d582}.xml", "XML", 0, 217, 0, 0, 0, 0, 0, 0, 0, 0, 1, 218
"e:\Unity Projects\#TURRENTBASE\PROJETO  - Base Invaders\FMOD\Metadata\Event\{9597112b-5907-430a-9c87-80b4058fac8f}.xml", "XML", 0, 137, 0, 0, 0, 0, 0, 0, 0, 0, 1, 138
"e:\Unity Projects\#TURRENTBASE\PROJETO  - Base Invaders\FMOD\Metadata\Event\{95c26a63-2267-4e7b-a6fd-0121452ca4e5}.xml", "XML", 0, 139, 0, 0, 0, 0, 0, 0, 0, 0, 1, 140
"e:\Unity Projects\#TURRENTBASE\PROJETO  - Base Invaders\FMOD\Metadata\Event\{994d1e12-82e9-4a57-8430-74819fbbc6f4}.xml", "XML", 0, 165, 0, 0, 0, 0, 0, 0, 0, 0, 1, 166
"e:\Unity Projects\#TURRENTBASE\PROJETO  - Base Invaders\FMOD\Metadata\Event\{9b9b97b3-f4cd-4fad-896d-2424e1179acc}.xml", "XML", 0, 128, 0, 0, 0, 0, 0, 0, 0, 0, 1, 129
"e:\Unity Projects\#TURRENTBASE\PROJETO  - Base Invaders\FMOD\Metadata\Event\{9fa5b57b-b9a9-40a4-9d56-0edb976a2c91}.xml", "XML", 0, 172, 0, 0, 0, 0, 0, 0, 0, 0, 1, 173
"e:\Unity Projects\#TURRENTBASE\PROJETO  - Base Invaders\FMOD\Metadata\Event\{a0cb884a-765f-4190-a8fd-dce5d738ead9}.xml", "XML", 0, 134, 0, 0, 0, 0, 0, 0, 0, 0, 1, 135
"e:\Unity Projects\#TURRENTBASE\PROJETO  - Base Invaders\FMOD\Metadata\Event\{a5d04899-0814-4f16-8a9d-ff439418219f}.xml", "XML", 0, 194, 0, 0, 0, 0, 0, 0, 0, 0, 1, 195
"e:\Unity Projects\#TURRENTBASE\PROJETO  - Base Invaders\FMOD\Metadata\Event\{adfedb04-5eeb-45b1-9697-94e986b3a144}.xml", "XML", 0, 131, 0, 0, 0, 0, 0, 0, 0, 0, 1, 132
"e:\Unity Projects\#TURRENTBASE\PROJETO  - Base Invaders\FMOD\Metadata\Event\{b2333d8d-1542-4ae8-a7d7-1161a0b4fa86}.xml", "XML", 0, 168, 0, 0, 0, 0, 0, 0, 0, 0, 1, 169
"e:\Unity Projects\#TURRENTBASE\PROJETO  - Base Invaders\FMOD\Metadata\Event\{b340d1fa-6e5c-48a6-9f50-959fb8ed5d56}.xml", "XML", 0, 164, 0, 0, 0, 0, 0, 0, 0, 0, 1, 165
"e:\Unity Projects\#TURRENTBASE\PROJETO  - Base Invaders\FMOD\Metadata\Event\{b369b1d2-fe58-43b8-9c97-ea917f69a84f}.xml", "XML", 0, 148, 0, 0, 0, 0, 0, 0, 0, 0, 1, 149
"e:\Unity Projects\#TURRENTBASE\PROJETO  - Base Invaders\FMOD\Metadata\Event\{b56d0cec-dd6b-42a5-aa79-3f5b929b12c5}.xml", "XML", 0, 139, 0, 0, 0, 0, 0, 0, 0, 0, 1, 140
"e:\Unity Projects\#TURRENTBASE\PROJETO  - Base Invaders\FMOD\Metadata\Event\{b708fa36-fa66-415e-825f-efee1c362489}.xml", "XML", 0, 131, 0, 0, 0, 0, 0, 0, 0, 0, 1, 132
"e:\Unity Projects\#TURRENTBASE\PROJETO  - Base Invaders\FMOD\Metadata\Event\{bf4cc322-d0a8-42ba-a0ca-3053a44b985e}.xml", "XML", 0, 191, 0, 0, 0, 0, 0, 0, 0, 0, 1, 192
"e:\Unity Projects\#TURRENTBASE\PROJETO  - Base Invaders\FMOD\Metadata\Event\{bff3b62d-6ba6-499a-80ef-eb75fd5da313}.xml", "XML", 0, 131, 0, 0, 0, 0, 0, 0, 0, 0, 1, 132
"e:\Unity Projects\#TURRENTBASE\PROJETO  - Base Invaders\FMOD\Metadata\Event\{c3ca1b45-491f-4a02-8fa3-3308e3cad2dd}.xml", "XML", 0, 131, 0, 0, 0, 0, 0, 0, 0, 0, 1, 132
"e:\Unity Projects\#TURRENTBASE\PROJETO  - Base Invaders\FMOD\Metadata\Event\{ca9d6848-3065-47e3-a452-e0690be7e2ff}.xml", "XML", 0, 192, 0, 0, 0, 0, 0, 0, 0, 0, 1, 193
"e:\Unity Projects\#TURRENTBASE\PROJETO  - Base Invaders\FMOD\Metadata\Event\{cc55a192-17ce-4ae9-8154-e980ae264b5f}.xml", "XML", 0, 128, 0, 0, 0, 0, 0, 0, 0, 0, 1, 129
"e:\Unity Projects\#TURRENTBASE\PROJETO  - Base Invaders\FMOD\Metadata\Event\{cf9b2ba9-df9a-4f62-9cbd-58a90f44d5b7}.xml", "XML", 0, 179, 0, 0, 0, 0, 0, 0, 0, 0, 1, 180
"e:\Unity Projects\#TURRENTBASE\PROJETO  - Base Invaders\FMOD\Metadata\Event\{d031fbb5-9ae8-41bf-87ac-3f7f6cdab070}.xml", "XML", 0, 232, 0, 0, 0, 0, 0, 0, 0, 0, 1, 233
"e:\Unity Projects\#TURRENTBASE\PROJETO  - Base Invaders\FMOD\Metadata\Event\{d332b3dd-557c-4aa5-87ef-9219869549c2}.xml", "XML", 0, 158, 0, 0, 0, 0, 0, 0, 0, 0, 1, 159
"e:\Unity Projects\#TURRENTBASE\PROJETO  - Base Invaders\FMOD\Metadata\Event\{d37d7512-d1db-41fc-b4eb-5dbe2594684d}.xml", "XML", 0, 131, 0, 0, 0, 0, 0, 0, 0, 0, 1, 132
"e:\Unity Projects\#TURRENTBASE\PROJETO  - Base Invaders\FMOD\Metadata\Event\{d3e3fb9b-b1d4-4170-b5b3-bfac483bc6bc}.xml", "XML", 0, 134, 0, 0, 0, 0, 0, 0, 0, 0, 1, 135
"e:\Unity Projects\#TURRENTBASE\PROJETO  - Base Invaders\FMOD\Metadata\Event\{d6732d36-4cd0-4fa0-b3a3-2a05b1b8b3df}.xml", "XML", 0, 161, 0, 0, 0, 0, 0, 0, 0, 0, 1, 162
"e:\Unity Projects\#TURRENTBASE\PROJETO  - Base Invaders\FMOD\Metadata\Event\{d7924a31-e2dd-4ae6-a201-efa16ab1a26b}.xml", "XML", 0, 128, 0, 0, 0, 0, 0, 0, 0, 0, 1, 129
"e:\Unity Projects\#TURRENTBASE\PROJETO  - Base Invaders\FMOD\Metadata\Event\{d7f064cb-9cb3-449c-82aa-369a281007e2}.xml", "XML", 0, 128, 0, 0, 0, 0, 0, 0, 0, 0, 1, 129
"e:\Unity Projects\#TURRENTBASE\PROJETO  - Base Invaders\FMOD\Metadata\Event\{d87aa253-556f-4f3e-8e05-3bfb2a0fe91c}.xml", "XML", 0, 236, 0, 0, 0, 0, 0, 0, 0, 0, 1, 237
"e:\Unity Projects\#TURRENTBASE\PROJETO  - Base Invaders\FMOD\Metadata\Event\{db28a385-bced-48d4-9dd3-363ad5f86267}.xml", "XML", 0, 125, 0, 0, 0, 0, 0, 0, 0, 0, 1, 126
"e:\Unity Projects\#TURRENTBASE\PROJETO  - Base Invaders\FMOD\Metadata\Event\{dd9487ad-d5ab-4da3-9662-da37ce8d28f5}.xml", "XML", 0, 280, 0, 0, 0, 0, 0, 0, 0, 0, 1, 281
"e:\Unity Projects\#TURRENTBASE\PROJETO  - Base Invaders\FMOD\Metadata\Event\{dd9d5935-cfd2-4804-9ef1-3d9413041d6e}.xml", "XML", 0, 178, 0, 0, 0, 0, 0, 0, 0, 0, 1, 179
"e:\Unity Projects\#TURRENTBASE\PROJETO  - Base Invaders\FMOD\Metadata\Event\{def1ecdd-198b-45f9-80c6-8120780b0645}.xml", "XML", 0, 128, 0, 0, 0, 0, 0, 0, 0, 0, 1, 129
"e:\Unity Projects\#TURRENTBASE\PROJETO  - Base Invaders\FMOD\Metadata\Event\{e643221b-f292-4dae-b75d-dd23e748b904}.xml", "XML", 0, 148, 0, 0, 0, 0, 0, 0, 0, 0, 1, 149
"e:\Unity Projects\#TURRENTBASE\PROJETO  - Base Invaders\FMOD\Metadata\Event\{e9b4a2ed-7f81-43d1-9d50-cff7a0b64ed7}.xml", "XML", 0, 128, 0, 0, 0, 0, 0, 0, 0, 0, 1, 129
"e:\Unity Projects\#TURRENTBASE\PROJETO  - Base Invaders\FMOD\Metadata\Event\{ececa1af-c201-49cf-87ad-28bd42103869}.xml", "XML", 0, 128, 0, 0, 0, 0, 0, 0, 0, 0, 1, 129
"e:\Unity Projects\#TURRENTBASE\PROJETO  - Base Invaders\FMOD\Metadata\Event\{f351baa0-4080-4e7c-a66c-a133ee813d64}.xml", "XML", 0, 236, 0, 0, 0, 0, 0, 0, 0, 0, 1, 237
"e:\Unity Projects\#TURRENTBASE\PROJETO  - Base Invaders\FMOD\Metadata\Event\{f359ff71-b96a-4230-8de4-1f0faa727635}.xml", "XML", 0, 135, 0, 0, 0, 0, 0, 0, 0, 0, 1, 136
"e:\Unity Projects\#TURRENTBASE\PROJETO  - Base Invaders\FMOD\Metadata\Event\{f6718ede-6fb2-4fe4-9213-7977eeb9fd32}.xml", "XML", 0, 188, 0, 0, 0, 0, 0, 0, 0, 0, 1, 189
"e:\Unity Projects\#TURRENTBASE\PROJETO  - Base Invaders\FMOD\Metadata\Event\{f821d923-5b0f-45ff-be78-f4709c9ab768}.xml", "XML", 0, 158, 0, 0, 0, 0, 0, 0, 0, 0, 1, 159
"e:\Unity Projects\#TURRENTBASE\PROJETO  - Base Invaders\FMOD\Metadata\Event\{fb1893ee-e2a6-4a6d-87d0-dba230bab953}.xml", "XML", 0, 131, 0, 0, 0, 0, 0, 0, 0, 0, 1, 132
"e:\Unity Projects\#TURRENTBASE\PROJETO  - Base Invaders\FMOD\Metadata\Master.xml", "XML", 0, 28, 0, 0, 0, 0, 0, 0, 0, 0, 1, 29
"e:\Unity Projects\#TURRENTBASE\PROJETO  - Base Invaders\FMOD\Metadata\Mixer.xml", "XML", 0, 11, 0, 0, 0, 0, 0, 0, 0, 0, 1, 12
"e:\Unity Projects\#TURRENTBASE\PROJETO  - Base Invaders\FMOD\Metadata\ParameterPresetFolder\{48099fc3-82be-4c28-9d95-3632aec00da6}.xml", "XML", 0, 4, 0, 0, 0, 0, 0, 0, 0, 0, 1, 5
"e:\Unity Projects\#TURRENTBASE\PROJETO  - Base Invaders\FMOD\Metadata\ParameterPreset\{359f9404-0cac-44e6-97ee-51a21033980b}.xml", "XML", 0, 19, 0, 0, 0, 0, 0, 0, 0, 0, 1, 20
"e:\Unity Projects\#TURRENTBASE\PROJETO  - Base Invaders\FMOD\Metadata\ParameterPreset\{f2e9743f-a4f3-4321-9f97-04dd87383234}.xml", "XML", 0, 25, 0, 0, 0, 0, 0, 0, 0, 0, 1, 26
"e:\Unity Projects\#TURRENTBASE\PROJETO  - Base Invaders\FMOD\Metadata\Platform\{d22e7599-6cb5-41d9-b231-1cedfdcf66f6}.xml", "XML", 0, 17, 0, 0, 0, 0, 0, 0, 0, 0, 1, 18
"e:\Unity Projects\#TURRENTBASE\PROJETO  - Base Invaders\FMOD\Metadata\ProfilerFolder\{548d6539-7433-4224-af38-932a9c2ba995}.xml", "XML", 0, 4, 0, 0, 0, 0, 0, 0, 0, 0, 1, 5
"e:\Unity Projects\#TURRENTBASE\PROJETO  - Base Invaders\FMOD\Metadata\ProfilerSession\{674397d1-424b-4fd0-bc3f-56c389dd117b}\{674397d1-424b-4fd0-bc3f-56c389dd117b}.xml", "XML", 0, 186, 0, 0, 0, 0, 0, 0, 0, 0, 1, 187
"e:\Unity Projects\#TURRENTBASE\PROJETO  - Base Invaders\FMOD\Metadata\Return\{c6da7356-0ca9-4c2d-8209-9bb0be8bbcb1}.xml", "XML", 0, 36, 0, 0, 0, 0, 0, 0, 0, 0, 1, 37
"e:\Unity Projects\#TURRENTBASE\PROJETO  - Base Invaders\FMOD\Metadata\SandboxFolder\{5529ebb9-27b8-4bb5-9d35-38f48a8f78e9}.xml", "XML", 0, 4, 0, 0, 0, 0, 0, 0, 0, 0, 1, 5
"e:\Unity Projects\#TURRENTBASE\PROJETO  - Base Invaders\FMOD\Metadata\SnapshotGroup\{7793086f-2ee8-4496-aa6b-d79ce9bc4d11}.xml", "XML", 0, 8, 0, 0, 0, 0, 0, 0, 0, 0, 1, 9
"e:\Unity Projects\#TURRENTBASE\PROJETO  - Base Invaders\FMOD\Metadata\Tags.xml", "XML", 0, 8, 0, 0, 0, 0, 0, 0, 0, 0, 1, 9
"e:\Unity Projects\#TURRENTBASE\PROJETO  - Base Invaders\FMOD\Metadata\Workspace.xml", "XML", 0, 35, 0, 0, 0, 0, 0, 0, 0, 0, 1, 36
"e:\Unity Projects\#TURRENTBASE\PROJETO  - Base Invaders\Logs\AssetImportWorker0-prev.log", "Log", 0, 0, 0, 194, 0, 0, 0, 0, 0, 0, 3, 197
"e:\Unity Projects\#TURRENTBASE\PROJETO  - Base Invaders\Logs\AssetImportWorker0.log", "Log", 0, 0, 0, 1724, 0, 0, 0, 0, 0, 0, 25, 1749
"e:\Unity Projects\#TURRENTBASE\PROJETO  - Base Invaders\Logs\Packages-Update.log", "Log", 0, 0, 0, 72, 0, 0, 0, 0, 0, 0, 10, 82
"e:\Unity Projects\#TURRENTBASE\PROJETO  - Base Invaders\Logs\shadercompiler-AssetImportWorker0.log", "Log", 0, 0, 0, 2, 0, 0, 0, 0, 0, 0, 2, 4
"e:\Unity Projects\#TURRENTBASE\PROJETO  - Base Invaders\Logs\shadercompiler-UnityShaderCompiler.exe0.log", "Log", 0, 0, 0, 740, 0, 0, 0, 0, 0, 0, 349, 1089
"e:\Unity Projects\#TURRENTBASE\PROJETO  - Base Invaders\Logs\shadercompiler-UnityShaderCompiler.exe1.log", "Log", 0, 0, 0, 64, 0, 0, 0, 0, 0, 0, 33, 97
"e:\Unity Projects\#TURRENTBASE\PROJETO  - Base Invaders\Logs\shadercompiler-UnityShaderCompiler.exe2.log", "Log", 0, 0, 0, 74, 0, 0, 0, 0, 0, 0, 38, 112
"e:\Unity Projects\#TURRENTBASE\PROJETO  - Base Invaders\Logs\shadercompiler-UnityShaderCompiler.exe3.log", "Log", 0, 0, 0, 66, 0, 0, 0, 0, 0, 0, 34, 100
"e:\Unity Projects\#TURRENTBASE\PROJETO  - Base Invaders\Packages\manifest.json", "JSON", 53, 0, 0, 0, 0, 0, 0, 0, 0, 0, 1, 54
"e:\Unity Projects\#TURRENTBASE\PROJETO  - Base Invaders\Packages\packages-lock.json", "JSON", 510, 0, 0, 0, 0, 0, 0, 0, 0, 0, 1, 511
"e:\Unity Projects\#TURRENTBASE\PROJETO  - Base Invaders\README.md", "Markdown", 0, 0, 1, 0, 0, 0, 0, 0, 0, 0, 0, 1
"e:\Unity Projects\#TURRENTBASE\PROJETO  - Base Invaders\fmod_editor.log", "Log", 0, 0, 0, 729, 0, 0, 0, 0, 0, 0, 1, 730
"Total", "-", 798, 21641, 1, 3665, 2338, 34250, 55, 14, 486, 1092, 7848, 72188